顧客企業名,顧客企業番号,Webサイト,代表電話番号,証券番号,Fax,親企業,予備電話番号,従業員数,メールアドレス,その他メールアドレス,企業形態,業界,格付け,顧客種別,業種識別 (SIC) コード,メール送信対象外,年間売上高,担当,担当に通知,最終更新日時,登録日時,最終更新者,リードから昇格,入力方法,最終活動日,子データの数字の合計,郵便番号 (請求先),郵便番号(出荷先),都道府県 (請求先),都道府県(出荷先),市町村区 (請求先),市町村区(出荷先),番地 (請求先),番地(出荷先),詳細内容
テスト株式会社,ACC1,,,,,,,0,,,,,,,,0,0,admin,0,2023/8/4 7:01,2023/8/4 5:14,admin,0,CRM,,11111,,,,,,,,,
テスト株式会社2,,,,,,,,,,,,,,,,,,,,,,,,,,,,,,,,,,,
テスト株式会社3,,,,,,,,,,,,,,,,,,,,,,,,,,,,,,,,,,,
テスト株式会社4,,,,,,,,,,,,,,,,,,,,,,,,,,,,,,,,,,,
テスト株式会社5,,,,,,,,,,,,,,,,,,,,,,,,,,,,,,,,,,,
テスト株式会社6,,,,,,,,,,,,,,,,,,,,,,,,,,,,,,,,,,,
テスト株式会社7,,,,,,,,,,,,,,,,,,,,,,,,,,,,,,,,,,,
テスト株式会社8,,,,,,,,,,,,,,,,,,,,,,,,,,,,,,,,,,,
テスト株式会社9,,,,,,,,,,,,,,,,,,,,,,,,,,,,,,,,,,,
テスト株式会社10,,,,,,,,,,,,,,,,,,,,,,,,,,,,,,,,,,,
テスト株式会社11,,,,,,,,,,,,,,,,,,,,,,,,,,,,,,,,,,,
テスト株式会社12,,,,,,,,,,,,,,,,,,,,,,,,,,,,,,,,,,,
テスト株式会社13,,,,,,,,,,,,,,,,,,,,,,,,,,,,,,,,,,,
テスト株式会社14,,,,,,,,,,,,,,,,,,,,,,,,,,,,,,,,,,,
テスト株式会社15,,,,,,,,,,,,,,,,,,,,,,,,,,,,,,,,,,,
テスト株式会社16,,,,,,,,,,,,,,,,,,,,,,,,,,,,,,,,,,,
テスト株式会社17,,,,,,,,,,,,,,,,,,,,,,,,,,,,,,,,,,,
テスト株式会社18,,,,,,,,,,,,,,,,,,,,,,,,,,,,,,,,,,,
テスト株式会社19,,,,,,,,,,,,,,,,,,,,,,,,,,,,,,,,,,,
テスト株式会社20,,,,,,,,,,,,,,,,,,,,,,,,,,,,,,,,,,,
テスト株式会社21,,,,,,,,,,,,,,,,,,,,,,,,,,,,,,,,,,,
テスト株式会社22,,,,,,,,,,,,,,,,,,,,,,,,,,,,,,,,,,,
テスト株式会社23,,,,,,,,,,,,,,,,,,,,,,,,,,,,,,,,,,,
テスト株式会社24,,,,,,,,,,,,,,,,,,,,,,,,,,,,,,,,,,,
テスト株式会社25,,,,,,,,,,,,,,,,,,,,,,,,,,,,,,,,,,,
テスト株式会社26,,,,,,,,,,,,,,,,,,,,,,,,,,,,,,,,,,,
テスト株式会社27,,,,,,,,,,,,,,,,,,,,,,,,,,,,,,,,,,,
テスト株式会社28,,,,,,,,,,,,,,,,,,,,,,,,,,,,,,,,,,,
テスト株式会社29,,,,,,,,,,,,,,,,,,,,,,,,,,,,,,,,,,,
テスト株式会社30,,,,,,,,,,,,,,,,,,,,,,,,,,,,,,,,,,,
テスト株式会社31,,,,,,,,,,,,,,,,,,,,,,,,,,,,,,,,,,,
テスト株式会社32,,,,,,,,,,,,,,,,,,,,,,,,,,,,,,,,,,,
テスト株式会社33,,,,,,,,,,,,,,,,,,,,,,,,,,,,,,,,,,,
テスト株式会社34,,,,,,,,,,,,,,,,,,,,,,,,,,,,,,,,,,,
テスト株式会社35,,,,,,,,,,,,,,,,,,,,,,,,,,,,,,,,,,,
テスト株式会社36,,,,,,,,,,,,,,,,,,,,,,,,,,,,,,,,,,,
テスト株式会社37,,,,,,,,,,,,,,,,,,,,,,,,,,,,,,,,,,,
テスト株式会社38,,,,,,,,,,,,,,,,,,,,,,,,,,,,,,,,,,,
テスト株式会社39,,,,,,,,,,,,,,,,,,,,,,,,,,,,,,,,,,,
テスト株式会社40,,,,,,,,,,,,,,,,,,,,,,,,,,,,,,,,,,,
テスト株式会社41,,,,,,,,,,,,,,,,,,,,,,,,,,,,,,,,,,,
テスト株式会社42,,,,,,,,,,,,,,,,,,,,,,,,,,,,,,,,,,,
テスト株式会社43,,,,,,,,,,,,,,,,,,,,,,,,,,,,,,,,,,,
テスト株式会社44,,,,,,,,,,,,,,,,,,,,,,,,,,,,,,,,,,,
テスト株式会社45,,,,,,,,,,,,,,,,,,,,,,,,,,,,,,,,,,,
テスト株式会社46,,,,,,,,,,,,,,,,,,,,,,,,,,,,,,,,,,,
テスト株式会社47,,,,,,,,,,,,,,,,,,,,,,,,,,,,,,,,,,,
テスト株式会社48,,,,,,,,,,,,,,,,,,,,,,,,,,,,,,,,,,,
テスト株式会社49,,,,,,,,,,,,,,,,,,,,,,,,,,,,,,,,,,,
テスト株式会社50,,,,,,,,,,,,,,,,,,,,,,,,,,,,,,,,,,,
テスト株式会社51,,,,,,,,,,,,,,,,,,,,,,,,,,,,,,,,,,,
テスト株式会社52,,,,,,,,,,,,,,,,,,,,,,,,,,,,,,,,,,,
テスト株式会社53,,,,,,,,,,,,,,,,,,,,,,,,,,,,,,,,,,,
テスト株式会社54,,,,,,,,,,,,,,,,,,,,,,,,,,,,,,,,,,,
テスト株式会社55,,,,,,,,,,,,,,,,,,,,,,,,,,,,,,,,,,,
テスト株式会社56,,,,,,,,,,,,,,,,,,,,,,,,,,,,,,,,,,,
テスト株式会社57,,,,,,,,,,,,,,,,,,,,,,,,,,,,,,,,,,,
テスト株式会社58,,,,,,,,,,,,,,,,,,,,,,,,,,,,,,,,,,,
テスト株式会社59,,,,,,,,,,,,,,,,,,,,,,,,,,,,,,,,,,,
テスト株式会社60,,,,,,,,,,,,,,,,,,,,,,,,,,,,,,,,,,,
テスト株式会社61,,,,,,,,,,,,,,,,,,,,,,,,,,,,,,,,,,,
テスト株式会社62,,,,,,,,,,,,,,,,,,,,,,,,,,,,,,,,,,,
テスト株式会社63,,,,,,,,,,,,,,,,,,,,,,,,,,,,,,,,,,,
テスト株式会社64,,,,,,,,,,,,,,,,,,,,,,,,,,,,,,,,,,,
テスト株式会社65,,,,,,,,,,,,,,,,,,,,,,,,,,,,,,,,,,,
テスト株式会社66,,,,,,,,,,,,,,,,,,,,,,,,,,,,,,,,,,,
テスト株式会社67,,,,,,,,,,,,,,,,,,,,,,,,,,,,,,,,,,,
テスト株式会社68,,,,,,,,,,,,,,,,,,,,,,,,,,,,,,,,,,,
テスト株式会社69,,,,,,,,,,,,,,,,,,,,,,,,,,,,,,,,,,,
テスト株式会社70,,,,,,,,,,,,,,,,,,,,,,,,,,,,,,,,,,,
テスト株式会社71,,,,,,,,,,,,,,,,,,,,,,,,,,,,,,,,,,,
テスト株式会社72,,,,,,,,,,,,,,,,,,,,,,,,,,,,,,,,,,,
テスト株式会社73,,,,,,,,,,,,,,,,,,,,,,,,,,,,,,,,,,,
テスト株式会社74,,,,,,,,,,,,,,,,,,,,,,,,,,,,,,,,,,,
テスト株式会社75,,,,,,,,,,,,,,,,,,,,,,,,,,,,,,,,,,,
テスト株式会社76,,,,,,,,,,,,,,,,,,,,,,,,,,,,,,,,,,,
テスト株式会社77,,,,,,,,,,,,,,,,,,,,,,,,,,,,,,,,,,,
テスト株式会社78,,,,,,,,,,,,,,,,,,,,,,,,,,,,,,,,,,,
テスト株式会社79,,,,,,,,,,,,,,,,,,,,,,,,,,,,,,,,,,,
テスト株式会社80,,,,,,,,,,,,,,,,,,,,,,,,,,,,,,,,,,,
テスト株式会社81,,,,,,,,,,,,,,,,,,,,,,,,,,,,,,,,,,,
テスト株式会社82,,,,,,,,,,,,,,,,,,,,,,,,,,,,,,,,,,,
テスト株式会社83,,,,,,,,,,,,,,,,,,,,,,,,,,,,,,,,,,,
テスト株式会社84,,,,,,,,,,,,,,,,,,,,,,,,,,,,,,,,,,,
テスト株式会社85,,,,,,,,,,,,,,,,,,,,,,,,,,,,,,,,,,,
テスト株式会社86,,,,,,,,,,,,,,,,,,,,,,,,,,,,,,,,,,,
テスト株式会社87,,,,,,,,,,,,,,,,,,,,,,,,,,,,,,,,,,,
テスト株式会社88,,,,,,,,,,,,,,,,,,,,,,,,,,,,,,,,,,,
テスト株式会社89,,,,,,,,,,,,,,,,,,,,,,,,,,,,,,,,,,,
テスト株式会社90,,,,,,,,,,,,,,,,,,,,,,,,,,,,,,,,,,,
テスト株式会社91,,,,,,,,,,,,,,,,,,,,,,,,,,,,,,,,,,,
テスト株式会社92,,,,,,,,,,,,,,,,,,,,,,,,,,,,,,,,,,,
テスト株式会社93,,,,,,,,,,,,,,,,,,,,,,,,,,,,,,,,,,,
テスト株式会社94,,,,,,,,,,,,,,,,,,,,,,,,,,,,,,,,,,,
テスト株式会社95,,,,,,,,,,,,,,,,,,,,,,,,,,,,,,,,,,,
テスト株式会社96,,,,,,,,,,,,,,,,,,,,,,,,,,,,,,,,,,,
テスト株式会社97,,,,,,,,,,,,,,,,,,,,,,,,,,,,,,,,,,,
テスト株式会社98,,,,,,,,,,,,,,,,,,,,,,,,,,,,,,,,,,,
テスト株式会社99,,,,,,,,,,,,,,,,,,,,,,,,,,,,,,,,,,,
テスト株式会社100,,,,,,,,,,,,,,,,,,,,,,,,,,,,,,,,,,,
テスト株式会社101,,,,,,,,,,,,,,,,,,,,,,,,,,,,,,,,,,,
テスト株式会社102,,,,,,,,,,,,,,,,,,,,,,,,,,,,,,,,,,,
テスト株式会社103,,,,,,,,,,,,,,,,,,,,,,,,,,,,,,,,,,,
テスト株式会社104,,,,,,,,,,,,,,,,,,,,,,,,,,,,,,,,,,,
テスト株式会社105,,,,,,,,,,,,,,,,,,,,,,,,,,,,,,,,,,,
テスト株式会社106,,,,,,,,,,,,,,,,,,,,,,,,,,,,,,,,,,,
テスト株式会社107,,,,,,,,,,,,,,,,,,,,,,,,,,,,,,,,,,,
テスト株式会社108,,,,,,,,,,,,,,,,,,,,,,,,,,,,,,,,,,,
テスト株式会社109,,,,,,,,,,,,,,,,,,,,,,,,,,,,,,,,,,,
テスト株式会社110,,,,,,,,,,,,,,,,,,,,,,,,,,,,,,,,,,,
テスト株式会社111,,,,,,,,,,,,,,,,,,,,,,,,,,,,,,,,,,,
テスト株式会社112,,,,,,,,,,,,,,,,,,,,,,,,,,,,,,,,,,,
テスト株式会社113,,,,,,,,,,,,,,,,,,,,,,,,,,,,,,,,,,,
テスト株式会社114,,,,,,,,,,,,,,,,,,,,,,,,,,,,,,,,,,,
テスト株式会社115,,,,,,,,,,,,,,,,,,,,,,,,,,,,,,,,,,,
テスト株式会社116,,,,,,,,,,,,,,,,,,,,,,,,,,,,,,,,,,,
テスト株式会社117,,,,,,,,,,,,,,,,,,,,,,,,,,,,,,,,,,,
テスト株式会社118,,,,,,,,,,,,,,,,,,,,,,,,,,,,,,,,,,,
テスト株式会社119,,,,,,,,,,,,,,,,,,,,,,,,,,,,,,,,,,,
テスト株式会社120,,,,,,,,,,,,,,,,,,,,,,,,,,,,,,,,,,,
テスト株式会社121,,,,,,,,,,,,,,,,,,,,,,,,,,,,,,,,,,,
テスト株式会社122,,,,,,,,,,,,,,,,,,,,,,,,,,,,,,,,,,,
テスト株式会社123,,,,,,,,,,,,,,,,,,,,,,,,,,,,,,,,,,,
テスト株式会社124,,,,,,,,,,,,,,,,,,,,,,,,,,,,,,,,,,,
テスト株式会社125,,,,,,,,,,,,,,,,,,,,,,,,,,,,,,,,,,,
テスト株式会社126,,,,,,,,,,,,,,,,,,,,,,,,,,,,,,,,,,,
テスト株式会社127,,,,,,,,,,,,,,,,,,,,,,,,,,,,,,,,,,,
テスト株式会社128,,,,,,,,,,,,,,,,,,,,,,,,,,,,,,,,,,,
テスト株式会社129,,,,,,,,,,,,,,,,,,,,,,,,,,,,,,,,,,,
テスト株式会社130,,,,,,,,,,,,,,,,,,,,,,,,,,,,,,,,,,,
テスト株式会社131,,,,,,,,,,,,,,,,,,,,,,,,,,,,,,,,,,,
テスト株式会社132,,,,,,,,,,,,,,,,,,,,,,,,,,,,,,,,,,,
テスト株式会社133,,,,,,,,,,,,,,,,,,,,,,,,,,,,,,,,,,,
テスト株式会社134,,,,,,,,,,,,,,,,,,,,,,,,,,,,,,,,,,,
テスト株式会社135,,,,,,,,,,,,,,,,,,,,,,,,,,,,,,,,,,,
テスト株式会社136,,,,,,,,,,,,,,,,,,,,,,,,,,,,,,,,,,,
テスト株式会社137,,,,,,,,,,,,,,,,,,,,,,,,,,,,,,,,,,,
テスト株式会社138,,,,,,,,,,,,,,,,,,,,,,,,,,,,,,,,,,,
テスト株式会社139,,,,,,,,,,,,,,,,,,,,,,,,,,,,,,,,,,,
テスト株式会社140,,,,,,,,,,,,,,,,,,,,,,,,,,,,,,,,,,,
テスト株式会社141,,,,,,,,,,,,,,,,,,,,,,,,,,,,,,,,,,,
テスト株式会社142,,,,,,,,,,,,,,,,,,,,,,,,,,,,,,,,,,,
テスト株式会社143,,,,,,,,,,,,,,,,,,,,,,,,,,,,,,,,,,,
テスト株式会社144,,,,,,,,,,,,,,,,,,,,,,,,,,,,,,,,,,,
テスト株式会社145,,,,,,,,,,,,,,,,,,,,,,,,,,,,,,,,,,,
テスト株式会社146,,,,,,,,,,,,,,,,,,,,,,,,,,,,,,,,,,,
テスト株式会社147,,,,,,,,,,,,,,,,,,,,,,,,,,,,,,,,,,,
テスト株式会社148,,,,,,,,,,,,,,,,,,,,,,,,,,,,,,,,,,,
テスト株式会社149,,,,,,,,,,,,,,,,,,,,,,,,,,,,,,,,,,,
テスト株式会社150,,,,,,,,,,,,,,,,,,,,,,,,,,,,,,,,,,,
テスト株式会社151,,,,,,,,,,,,,,,,,,,,,,,,,,,,,,,,,,,
テスト株式会社152,,,,,,,,,,,,,,,,,,,,,,,,,,,,,,,,,,,
テスト株式会社153,,,,,,,,,,,,,,,,,,,,,,,,,,,,,,,,,,,
テスト株式会社154,,,,,,,,,,,,,,,,,,,,,,,,,,,,,,,,,,,
テスト株式会社155,,,,,,,,,,,,,,,,,,,,,,,,,,,,,,,,,,,
テスト株式会社156,,,,,,,,,,,,,,,,,,,,,,,,,,,,,,,,,,,
テスト株式会社157,,,,,,,,,,,,,,,,,,,,,,,,,,,,,,,,,,,
テスト株式会社158,,,,,,,,,,,,,,,,,,,,,,,,,,,,,,,,,,,
テスト株式会社159,,,,,,,,,,,,,,,,,,,,,,,,,,,,,,,,,,,
テスト株式会社160,,,,,,,,,,,,,,,,,,,,,,,,,,,,,,,,,,,
テスト株式会社161,,,,,,,,,,,,,,,,,,,,,,,,,,,,,,,,,,,
テスト株式会社162,,,,,,,,,,,,,,,,,,,,,,,,,,,,,,,,,,,
テスト株式会社163,,,,,,,,,,,,,,,,,,,,,,,,,,,,,,,,,,,
テスト株式会社164,,,,,,,,,,,,,,,,,,,,,,,,,,,,,,,,,,,
テスト株式会社165,,,,,,,,,,,,,,,,,,,,,,,,,,,,,,,,,,,
テスト株式会社166,,,,,,,,,,,,,,,,,,,,,,,,,,,,,,,,,,,
テスト株式会社167,,,,,,,,,,,,,,,,,,,,,,,,,,,,,,,,,,,
テスト株式会社168,,,,,,,,,,,,,,,,,,,,,,,,,,,,,,,,,,,
テスト株式会社169,,,,,,,,,,,,,,,,,,,,,,,,,,,,,,,,,,,
テスト株式会社170,,,,,,,,,,,,,,,,,,,,,,,,,,,,,,,,,,,
テスト株式会社171,,,,,,,,,,,,,,,,,,,,,,,,,,,,,,,,,,,
テスト株式会社172,,,,,,,,,,,,,,,,,,,,,,,,,,,,,,,,,,,
テスト株式会社173,,,,,,,,,,,,,,,,,,,,,,,,,,,,,,,,,,,
テスト株式会社174,,,,,,,,,,,,,,,,,,,,,,,,,,,,,,,,,,,
テスト株式会社175,,,,,,,,,,,,,,,,,,,,,,,,,,,,,,,,,,,
テスト株式会社176,,,,,,,,,,,,,,,,,,,,,,,,,,,,,,,,,,,
テスト株式会社177,,,,,,,,,,,,,,,,,,,,,,,,,,,,,,,,,,,
テスト株式会社178,,,,,,,,,,,,,,,,,,,,,,,,,,,,,,,,,,,
テスト株式会社179,,,,,,,,,,,,,,,,,,,,,,,,,,,,,,,,,,,
テスト株式会社180,,,,,,,,,,,,,,,,,,,,,,,,,,,,,,,,,,,
テスト株式会社181,,,,,,,,,,,,,,,,,,,,,,,,,,,,,,,,,,,
テスト株式会社182,,,,,,,,,,,,,,,,,,,,,,,,,,,,,,,,,,,
テスト株式会社183,,,,,,,,,,,,,,,,,,,,,,,,,,,,,,,,,,,
テスト株式会社184,,,,,,,,,,,,,,,,,,,,,,,,,,,,,,,,,,,
テスト株式会社185,,,,,,,,,,,,,,,,,,,,,,,,,,,,,,,,,,,
テスト株式会社186,,,,,,,,,,,,,,,,,,,,,,,,,,,,,,,,,,,
テスト株式会社187,,,,,,,,,,,,,,,,,,,,,,,,,,,,,,,,,,,
テスト株式会社188,,,,,,,,,,,,,,,,,,,,,,,,,,,,,,,,,,,
テスト株式会社189,,,,,,,,,,,,,,,,,,,,,,,,,,,,,,,,,,,
テスト株式会社190,,,,,,,,,,,,,,,,,,,,,,,,,,,,,,,,,,,
テスト株式会社191,,,,,,,,,,,,,,,,,,,,,,,,,,,,,,,,,,,
テスト株式会社192,,,,,,,,,,,,,,,,,,,,,,,,,,,,,,,,,,,
テスト株式会社193,,,,,,,,,,,,,,,,,,,,,,,,,,,,,,,,,,,
テスト株式会社194,,,,,,,,,,,,,,,,,,,,,,,,,,,,,,,,,,,
テスト株式会社195,,,,,,,,,,,,,,,,,,,,,,,,,,,,,,,,,,,
テスト株式会社196,,,,,,,,,,,,,,,,,,,,,,,,,,,,,,,,,,,
テスト株式会社197,,,,,,,,,,,,,,,,,,,,,,,,,,,,,,,,,,,
テスト株式会社198,,,,,,,,,,,,,,,,,,,,,,,,,,,,,,,,,,,
テスト株式会社199,,,,,,,,,,,,,,,,,,,,,,,,,,,,,,,,,,,
テスト株式会社200,,,,,,,,,,,,,,,,,,,,,,,,,,,,,,,,,,,
テスト株式会社201,,,,,,,,,,,,,,,,,,,,,,,,,,,,,,,,,,,
テスト株式会社202,,,,,,,,,,,,,,,,,,,,,,,,,,,,,,,,,,,
テスト株式会社203,,,,,,,,,,,,,,,,,,,,,,,,,,,,,,,,,,,
テスト株式会社204,,,,,,,,,,,,,,,,,,,,,,,,,,,,,,,,,,,
テスト株式会社205,,,,,,,,,,,,,,,,,,,,,,,,,,,,,,,,,,,
テスト株式会社206,,,,,,,,,,,,,,,,,,,,,,,,,,,,,,,,,,,
テスト株式会社207,,,,,,,,,,,,,,,,,,,,,,,,,,,,,,,,,,,
テスト株式会社208,,,,,,,,,,,,,,,,,,,,,,,,,,,,,,,,,,,
テスト株式会社209,,,,,,,,,,,,,,,,,,,,,,,,,,,,,,,,,,,
テスト株式会社210,,,,,,,,,,,,,,,,,,,,,,,,,,,,,,,,,,,
テスト株式会社211,,,,,,,,,,,,,,,,,,,,,,,,,,,,,,,,,,,
テスト株式会社212,,,,,,,,,,,,,,,,,,,,,,,,,,,,,,,,,,,
テスト株式会社213,,,,,,,,,,,,,,,,,,,,,,,,,,,,,,,,,,,
テスト株式会社214,,,,,,,,,,,,,,,,,,,,,,,,,,,,,,,,,,,
テスト株式会社215,,,,,,,,,,,,,,,,,,,,,,,,,,,,,,,,,,,
テスト株式会社216,,,,,,,,,,,,,,,,,,,,,,,,,,,,,,,,,,,
テスト株式会社217,,,,,,,,,,,,,,,,,,,,,,,,,,,,,,,,,,,
テスト株式会社218,,,,,,,,,,,,,,,,,,,,,,,,,,,,,,,,,,,
テスト株式会社219,,,,,,,,,,,,,,,,,,,,,,,,,,,,,,,,,,,
テスト株式会社220,,,,,,,,,,,,,,,,,,,,,,,,,,,,,,,,,,,
テスト株式会社221,,,,,,,,,,,,,,,,,,,,,,,,,,,,,,,,,,,
テスト株式会社222,,,,,,,,,,,,,,,,,,,,,,,,,,,,,,,,,,,
テスト株式会社223,,,,,,,,,,,,,,,,,,,,,,,,,,,,,,,,,,,
テスト株式会社224,,,,,,,,,,,,,,,,,,,,,,,,,,,,,,,,,,,
テスト株式会社225,,,,,,,,,,,,,,,,,,,,,,,,,,,,,,,,,,,
テスト株式会社226,,,,,,,,,,,,,,,,,,,,,,,,,,,,,,,,,,,
テスト株式会社227,,,,,,,,,,,,,,,,,,,,,,,,,,,,,,,,,,,
テスト株式会社228,,,,,,,,,,,,,,,,,,,,,,,,,,,,,,,,,,,
テスト株式会社229,,,,,,,,,,,,,,,,,,,,,,,,,,,,,,,,,,,
テスト株式会社230,,,,,,,,,,,,,,,,,,,,,,,,,,,,,,,,,,,
テスト株式会社231,,,,,,,,,,,,,,,,,,,,,,,,,,,,,,,,,,,
テスト株式会社232,,,,,,,,,,,,,,,,,,,,,,,,,,,,,,,,,,,
テスト株式会社233,,,,,,,,,,,,,,,,,,,,,,,,,,,,,,,,,,,
テスト株式会社234,,,,,,,,,,,,,,,,,,,,,,,,,,,,,,,,,,,
テスト株式会社235,,,,,,,,,,,,,,,,,,,,,,,,,,,,,,,,,,,
テスト株式会社236,,,,,,,,,,,,,,,,,,,,,,,,,,,,,,,,,,,
テスト株式会社237,,,,,,,,,,,,,,,,,,,,,,,,,,,,,,,,,,,
テスト株式会社238,,,,,,,,,,,,,,,,,,,,,,,,,,,,,,,,,,,
テスト株式会社239,,,,,,,,,,,,,,,,,,,,,,,,,,,,,,,,,,,
テスト株式会社240,,,,,,,,,,,,,,,,,,,,,,,,,,,,,,,,,,,
テスト株式会社241,,,,,,,,,,,,,,,,,,,,,,,,,,,,,,,,,,,
テスト株式会社242,,,,,,,,,,,,,,,,,,,,,,,,,,,,,,,,,,,
テスト株式会社243,,,,,,,,,,,,,,,,,,,,,,,,,,,,,,,,,,,
テスト株式会社244,,,,,,,,,,,,,,,,,,,,,,,,,,,,,,,,,,,
テスト株式会社245,,,,,,,,,,,,,,,,,,,,,,,,,,,,,,,,,,,
テスト株式会社246,,,,,,,,,,,,,,,,,,,,,,,,,,,,,,,,,,,
テスト株式会社247,,,,,,,,,,,,,,,,,,,,,,,,,,,,,,,,,,,
テスト株式会社248,,,,,,,,,,,,,,,,,,,,,,,,,,,,,,,,,,,
テスト株式会社249,,,,,,,,,,,,,,,,,,,,,,,,,,,,,,,,,,,
テスト株式会社250,,,,,,,,,,,,,,,,,,,,,,,,,,,,,,,,,,,
テスト株式会社251,,,,,,,,,,,,,,,,,,,,,,,,,,,,,,,,,,,
テスト株式会社252,,,,,,,,,,,,,,,,,,,,,,,,,,,,,,,,,,,
テスト株式会社253,,,,,,,,,,,,,,,,,,,,,,,,,,,,,,,,,,,
テスト株式会社254,,,,,,,,,,,,,,,,,,,,,,,,,,,,,,,,,,,
テスト株式会社255,,,,,,,,,,,,,,,,,,,,,,,,,,,,,,,,,,,
テスト株式会社256,,,,,,,,,,,,,,,,,,,,,,,,,,,,,,,,,,,
テスト株式会社257,,,,,,,,,,,,,,,,,,,,,,,,,,,,,,,,,,,
テスト株式会社258,,,,,,,,,,,,,,,,,,,,,,,,,,,,,,,,,,,
テスト株式会社259,,,,,,,,,,,,,,,,,,,,,,,,,,,,,,,,,,,
テスト株式会社260,,,,,,,,,,,,,,,,,,,,,,,,,,,,,,,,,,,
テスト株式会社261,,,,,,,,,,,,,,,,,,,,,,,,,,,,,,,,,,,
テスト株式会社262,,,,,,,,,,,,,,,,,,,,,,,,,,,,,,,,,,,
テスト株式会社263,,,,,,,,,,,,,,,,,,,,,,,,,,,,,,,,,,,
テスト株式会社264,,,,,,,,,,,,,,,,,,,,,,,,,,,,,,,,,,,
テスト株式会社265,,,,,,,,,,,,,,,,,,,,,,,,,,,,,,,,,,,
テスト株式会社266,,,,,,,,,,,,,,,,,,,,,,,,,,,,,,,,,,,
テスト株式会社267,,,,,,,,,,,,,,,,,,,,,,,,,,,,,,,,,,,
テスト株式会社268,,,,,,,,,,,,,,,,,,,,,,,,,,,,,,,,,,,
テスト株式会社269,,,,,,,,,,,,,,,,,,,,,,,,,,,,,,,,,,,
テスト株式会社270,,,,,,,,,,,,,,,,,,,,,,,,,,,,,,,,,,,
テスト株式会社271,,,,,,,,,,,,,,,,,,,,,,,,,,,,,,,,,,,
テスト株式会社272,,,,,,,,,,,,,,,,,,,,,,,,,,,,,,,,,,,
テスト株式会社273,,,,,,,,,,,,,,,,,,,,,,,,,,,,,,,,,,,
テスト株式会社274,,,,,,,,,,,,,,,,,,,,,,,,,,,,,,,,,,,
テスト株式会社275,,,,,,,,,,,,,,,,,,,,,,,,,,,,,,,,,,,
テスト株式会社276,,,,,,,,,,,,,,,,,,,,,,,,,,,,,,,,,,,
テスト株式会社277,,,,,,,,,,,,,,,,,,,,,,,,,,,,,,,,,,,
テスト株式会社278,,,,,,,,,,,,,,,,,,,,,,,,,,,,,,,,,,,
テスト株式会社279,,,,,,,,,,,,,,,,,,,,,,,,,,,,,,,,,,,
テスト株式会社280,,,,,,,,,,,,,,,,,,,,,,,,,,,,,,,,,,,
テスト株式会社281,,,,,,,,,,,,,,,,,,,,,,,,,,,,,,,,,,,
テスト株式会社282,,,,,,,,,,,,,,,,,,,,,,,,,,,,,,,,,,,
テスト株式会社283,,,,,,,,,,,,,,,,,,,,,,,,,,,,,,,,,,,
テスト株式会社284,,,,,,,,,,,,,,,,,,,,,,,,,,,,,,,,,,,
テスト株式会社285,,,,,,,,,,,,,,,,,,,,,,,,,,,,,,,,,,,
テスト株式会社286,,,,,,,,,,,,,,,,,,,,,,,,,,,,,,,,,,,
テスト株式会社287,,,,,,,,,,,,,,,,,,,,,,,,,,,,,,,,,,,
テスト株式会社288,,,,,,,,,,,,,,,,,,,,,,,,,,,,,,,,,,,
テスト株式会社289,,,,,,,,,,,,,,,,,,,,,,,,,,,,,,,,,,,
テスト株式会社290,,,,,,,,,,,,,,,,,,,,,,,,,,,,,,,,,,,
テスト株式会社291,,,,,,,,,,,,,,,,,,,,,,,,,,,,,,,,,,,
テスト株式会社292,,,,,,,,,,,,,,,,,,,,,,,,,,,,,,,,,,,
テスト株式会社293,,,,,,,,,,,,,,,,,,,,,,,,,,,,,,,,,,,
テスト株式会社294,,,,,,,,,,,,,,,,,,,,,,,,,,,,,,,,,,,
テスト株式会社295,,,,,,,,,,,,,,,,,,,,,,,,,,,,,,,,,,,
テスト株式会社296,,,,,,,,,,,,,,,,,,,,,,,,,,,,,,,,,,,
テスト株式会社297,,,,,,,,,,,,,,,,,,,,,,,,,,,,,,,,,,,
テスト株式会社298,,,,,,,,,,,,,,,,,,,,,,,,,,,,,,,,,,,
テスト株式会社299,,,,,,,,,,,,,,,,,,,,,,,,,,,,,,,,,,,
テスト株式会社300,,,,,,,,,,,,,,,,,,,,,,,,,,,,,,,,,,,
テスト株式会社301,,,,,,,,,,,,,,,,,,,,,,,,,,,,,,,,,,,
テスト株式会社302,,,,,,,,,,,,,,,,,,,,,,,,,,,,,,,,,,,
テスト株式会社303,,,,,,,,,,,,,,,,,,,,,,,,,,,,,,,,,,,
テスト株式会社304,,,,,,,,,,,,,,,,,,,,,,,,,,,,,,,,,,,
テスト株式会社305,,,,,,,,,,,,,,,,,,,,,,,,,,,,,,,,,,,
テスト株式会社306,,,,,,,,,,,,,,,,,,,,,,,,,,,,,,,,,,,
テスト株式会社307,,,,,,,,,,,,,,,,,,,,,,,,,,,,,,,,,,,
テスト株式会社308,,,,,,,,,,,,,,,,,,,,,,,,,,,,,,,,,,,
テスト株式会社309,,,,,,,,,,,,,,,,,,,,,,,,,,,,,,,,,,,
テスト株式会社310,,,,,,,,,,,,,,,,,,,,,,,,,,,,,,,,,,,
テスト株式会社311,,,,,,,,,,,,,,,,,,,,,,,,,,,,,,,,,,,
テスト株式会社312,,,,,,,,,,,,,,,,,,,,,,,,,,,,,,,,,,,
テスト株式会社313,,,,,,,,,,,,,,,,,,,,,,,,,,,,,,,,,,,
テスト株式会社314,,,,,,,,,,,,,,,,,,,,,,,,,,,,,,,,,,,
テスト株式会社315,,,,,,,,,,,,,,,,,,,,,,,,,,,,,,,,,,,
テスト株式会社316,,,,,,,,,,,,,,,,,,,,,,,,,,,,,,,,,,,
テスト株式会社317,,,,,,,,,,,,,,,,,,,,,,,,,,,,,,,,,,,
テスト株式会社318,,,,,,,,,,,,,,,,,,,,,,,,,,,,,,,,,,,
テスト株式会社319,,,,,,,,,,,,,,,,,,,,,,,,,,,,,,,,,,,
テスト株式会社320,,,,,,,,,,,,,,,,,,,,,,,,,,,,,,,,,,,
テスト株式会社321,,,,,,,,,,,,,,,,,,,,,,,,,,,,,,,,,,,
テスト株式会社322,,,,,,,,,,,,,,,,,,,,,,,,,,,,,,,,,,,
テスト株式会社323,,,,,,,,,,,,,,,,,,,,,,,,,,,,,,,,,,,
テスト株式会社324,,,,,,,,,,,,,,,,,,,,,,,,,,,,,,,,,,,
テスト株式会社325,,,,,,,,,,,,,,,,,,,,,,,,,,,,,,,,,,,
テスト株式会社326,,,,,,,,,,,,,,,,,,,,,,,,,,,,,,,,,,,
テスト株式会社327,,,,,,,,,,,,,,,,,,,,,,,,,,,,,,,,,,,
テスト株式会社328,,,,,,,,,,,,,,,,,,,,,,,,,,,,,,,,,,,
テスト株式会社329,,,,,,,,,,,,,,,,,,,,,,,,,,,,,,,,,,,
テスト株式会社330,,,,,,,,,,,,,,,,,,,,,,,,,,,,,,,,,,,
テスト株式会社331,,,,,,,,,,,,,,,,,,,,,,,,,,,,,,,,,,,
テスト株式会社332,,,,,,,,,,,,,,,,,,,,,,,,,,,,,,,,,,,
テスト株式会社333,,,,,,,,,,,,,,,,,,,,,,,,,,,,,,,,,,,
テスト株式会社334,,,,,,,,,,,,,,,,,,,,,,,,,,,,,,,,,,,
テスト株式会社335,,,,,,,,,,,,,,,,,,,,,,,,,,,,,,,,,,,
テスト株式会社336,,,,,,,,,,,,,,,,,,,,,,,,,,,,,,,,,,,
テスト株式会社337,,,,,,,,,,,,,,,,,,,,,,,,,,,,,,,,,,,
テスト株式会社338,,,,,,,,,,,,,,,,,,,,,,,,,,,,,,,,,,,
テスト株式会社339,,,,,,,,,,,,,,,,,,,,,,,,,,,,,,,,,,,
テスト株式会社340,,,,,,,,,,,,,,,,,,,,,,,,,,,,,,,,,,,
テスト株式会社341,,,,,,,,,,,,,,,,,,,,,,,,,,,,,,,,,,,
テスト株式会社342,,,,,,,,,,,,,,,,,,,,,,,,,,,,,,,,,,,
テスト株式会社343,,,,,,,,,,,,,,,,,,,,,,,,,,,,,,,,,,,
テスト株式会社344,,,,,,,,,,,,,,,,,,,,,,,,,,,,,,,,,,,
テスト株式会社345,,,,,,,,,,,,,,,,,,,,,,,,,,,,,,,,,,,
テスト株式会社346,,,,,,,,,,,,,,,,,,,,,,,,,,,,,,,,,,,
テスト株式会社347,,,,,,,,,,,,,,,,,,,,,,,,,,,,,,,,,,,
テスト株式会社348,,,,,,,,,,,,,,,,,,,,,,,,,,,,,,,,,,,
テスト株式会社349,,,,,,,,,,,,,,,,,,,,,,,,,,,,,,,,,,,
テスト株式会社350,,,,,,,,,,,,,,,,,,,,,,,,,,,,,,,,,,,
テスト株式会社351,,,,,,,,,,,,,,,,,,,,,,,,,,,,,,,,,,,
テスト株式会社352,,,,,,,,,,,,,,,,,,,,,,,,,,,,,,,,,,,
テスト株式会社353,,,,,,,,,,,,,,,,,,,,,,,,,,,,,,,,,,,
テスト株式会社354,,,,,,,,,,,,,,,,,,,,,,,,,,,,,,,,,,,
テスト株式会社355,,,,,,,,,,,,,,,,,,,,,,,,,,,,,,,,,,,
テスト株式会社356,,,,,,,,,,,,,,,,,,,,,,,,,,,,,,,,,,,
テスト株式会社357,,,,,,,,,,,,,,,,,,,,,,,,,,,,,,,,,,,
テスト株式会社358,,,,,,,,,,,,,,,,,,,,,,,,,,,,,,,,,,,
テスト株式会社359,,,,,,,,,,,,,,,,,,,,,,,,,,,,,,,,,,,
テスト株式会社360,,,,,,,,,,,,,,,,,,,,,,,,,,,,,,,,,,,
テスト株式会社361,,,,,,,,,,,,,,,,,,,,,,,,,,,,,,,,,,,
テスト株式会社362,,,,,,,,,,,,,,,,,,,,,,,,,,,,,,,,,,,
テスト株式会社363,,,,,,,,,,,,,,,,,,,,,,,,,,,,,,,,,,,
テスト株式会社364,,,,,,,,,,,,,,,,,,,,,,,,,,,,,,,,,,,
テスト株式会社365,,,,,,,,,,,,,,,,,,,,,,,,,,,,,,,,,,,
テスト株式会社366,,,,,,,,,,,,,,,,,,,,,,,,,,,,,,,,,,,
テスト株式会社367,,,,,,,,,,,,,,,,,,,,,,,,,,,,,,,,,,,
テスト株式会社368,,,,,,,,,,,,,,,,,,,,,,,,,,,,,,,,,,,
テスト株式会社369,,,,,,,,,,,,,,,,,,,,,,,,,,,,,,,,,,,
テスト株式会社370,,,,,,,,,,,,,,,,,,,,,,,,,,,,,,,,,,,
テスト株式会社371,,,,,,,,,,,,,,,,,,,,,,,,,,,,,,,,,,,
テスト株式会社372,,,,,,,,,,,,,,,,,,,,,,,,,,,,,,,,,,,
テスト株式会社373,,,,,,,,,,,,,,,,,,,,,,,,,,,,,,,,,,,
テスト株式会社374,,,,,,,,,,,,,,,,,,,,,,,,,,,,,,,,,,,
テスト株式会社375,,,,,,,,,,,,,,,,,,,,,,,,,,,,,,,,,,,
テスト株式会社376,,,,,,,,,,,,,,,,,,,,,,,,,,,,,,,,,,,
テスト株式会社377,,,,,,,,,,,,,,,,,,,,,,,,,,,,,,,,,,,
テスト株式会社378,,,,,,,,,,,,,,,,,,,,,,,,,,,,,,,,,,,
テスト株式会社379,,,,,,,,,,,,,,,,,,,,,,,,,,,,,,,,,,,
テスト株式会社380,,,,,,,,,,,,,,,,,,,,,,,,,,,,,,,,,,,
テスト株式会社381,,,,,,,,,,,,,,,,,,,,,,,,,,,,,,,,,,,
テスト株式会社382,,,,,,,,,,,,,,,,,,,,,,,,,,,,,,,,,,,
テスト株式会社383,,,,,,,,,,,,,,,,,,,,,,,,,,,,,,,,,,,
テスト株式会社384,,,,,,,,,,,,,,,,,,,,,,,,,,,,,,,,,,,
テスト株式会社385,,,,,,,,,,,,,,,,,,,,,,,,,,,,,,,,,,,
テスト株式会社386,,,,,,,,,,,,,,,,,,,,,,,,,,,,,,,,,,,
テスト株式会社387,,,,,,,,,,,,,,,,,,,,,,,,,,,,,,,,,,,
テスト株式会社388,,,,,,,,,,,,,,,,,,,,,,,,,,,,,,,,,,,
テスト株式会社389,,,,,,,,,,,,,,,,,,,,,,,,,,,,,,,,,,,
テスト株式会社390,,,,,,,,,,,,,,,,,,,,,,,,,,,,,,,,,,,
テスト株式会社391,,,,,,,,,,,,,,,,,,,,,,,,,,,,,,,,,,,
テスト株式会社392,,,,,,,,,,,,,,,,,,,,,,,,,,,,,,,,,,,
テスト株式会社393,,,,,,,,,,,,,,,,,,,,,,,,,,,,,,,,,,,
テスト株式会社394,,,,,,,,,,,,,,,,,,,,,,,,,,,,,,,,,,,
テスト株式会社395,,,,,,,,,,,,,,,,,,,,,,,,,,,,,,,,,,,
テスト株式会社396,,,,,,,,,,,,,,,,,,,,,,,,,,,,,,,,,,,
テスト株式会社397,,,,,,,,,,,,,,,,,,,,,,,,,,,,,,,,,,,
テスト株式会社398,,,,,,,,,,,,,,,,,,,,,,,,,,,,,,,,,,,
テスト株式会社399,,,,,,,,,,,,,,,,,,,,,,,,,,,,,,,,,,,
テスト株式会社400,,,,,,,,,,,,,,,,,,,,,,,,,,,,,,,,,,,
テスト株式会社401,,,,,,,,,,,,,,,,,,,,,,,,,,,,,,,,,,,
テスト株式会社402,,,,,,,,,,,,,,,,,,,,,,,,,,,,,,,,,,,
テスト株式会社403,,,,,,,,,,,,,,,,,,,,,,,,,,,,,,,,,,,
テスト株式会社404,,,,,,,,,,,,,,,,,,,,,,,,,,,,,,,,,,,
テスト株式会社405,,,,,,,,,,,,,,,,,,,,,,,,,,,,,,,,,,,
テスト株式会社406,,,,,,,,,,,,,,,,,,,,,,,,,,,,,,,,,,,
テスト株式会社407,,,,,,,,,,,,,,,,,,,,,,,,,,,,,,,,,,,
テスト株式会社408,,,,,,,,,,,,,,,,,,,,,,,,,,,,,,,,,,,
テスト株式会社409,,,,,,,,,,,,,,,,,,,,,,,,,,,,,,,,,,,
テスト株式会社410,,,,,,,,,,,,,,,,,,,,,,,,,,,,,,,,,,,
テスト株式会社411,,,,,,,,,,,,,,,,,,,,,,,,,,,,,,,,,,,
テスト株式会社412,,,,,,,,,,,,,,,,,,,,,,,,,,,,,,,,,,,
テスト株式会社413,,,,,,,,,,,,,,,,,,,,,,,,,,,,,,,,,,,
テスト株式会社414,,,,,,,,,,,,,,,,,,,,,,,,,,,,,,,,,,,
テスト株式会社415,,,,,,,,,,,,,,,,,,,,,,,,,,,,,,,,,,,
テスト株式会社416,,,,,,,,,,,,,,,,,,,,,,,,,,,,,,,,,,,
テスト株式会社417,,,,,,,,,,,,,,,,,,,,,,,,,,,,,,,,,,,
テスト株式会社418,,,,,,,,,,,,,,,,,,,,,,,,,,,,,,,,,,,
テスト株式会社419,,,,,,,,,,,,,,,,,,,,,,,,,,,,,,,,,,,
テスト株式会社420,,,,,,,,,,,,,,,,,,,,,,,,,,,,,,,,,,,
テスト株式会社421,,,,,,,,,,,,,,,,,,,,,,,,,,,,,,,,,,,
テスト株式会社422,,,,,,,,,,,,,,,,,,,,,,,,,,,,,,,,,,,
テスト株式会社423,,,,,,,,,,,,,,,,,,,,,,,,,,,,,,,,,,,
テスト株式会社424,,,,,,,,,,,,,,,,,,,,,,,,,,,,,,,,,,,
テスト株式会社425,,,,,,,,,,,,,,,,,,,,,,,,,,,,,,,,,,,
テスト株式会社426,,,,,,,,,,,,,,,,,,,,,,,,,,,,,,,,,,,
テスト株式会社427,,,,,,,,,,,,,,,,,,,,,,,,,,,,,,,,,,,
テスト株式会社428,,,,,,,,,,,,,,,,,,,,,,,,,,,,,,,,,,,
テスト株式会社429,,,,,,,,,,,,,,,,,,,,,,,,,,,,,,,,,,,
テスト株式会社430,,,,,,,,,,,,,,,,,,,,,,,,,,,,,,,,,,,
テスト株式会社431,,,,,,,,,,,,,,,,,,,,,,,,,,,,,,,,,,,
テスト株式会社432,,,,,,,,,,,,,,,,,,,,,,,,,,,,,,,,,,,
テスト株式会社433,,,,,,,,,,,,,,,,,,,,,,,,,,,,,,,,,,,
テスト株式会社434,,,,,,,,,,,,,,,,,,,,,,,,,,,,,,,,,,,
テスト株式会社435,,,,,,,,,,,,,,,,,,,,,,,,,,,,,,,,,,,
テスト株式会社436,,,,,,,,,,,,,,,,,,,,,,,,,,,,,,,,,,,
テスト株式会社437,,,,,,,,,,,,,,,,,,,,,,,,,,,,,,,,,,,
テスト株式会社438,,,,,,,,,,,,,,,,,,,,,,,,,,,,,,,,,,,
テスト株式会社439,,,,,,,,,,,,,,,,,,,,,,,,,,,,,,,,,,,
テスト株式会社440,,,,,,,,,,,,,,,,,,,,,,,,,,,,,,,,,,,
テスト株式会社441,,,,,,,,,,,,,,,,,,,,,,,,,,,,,,,,,,,
テスト株式会社442,,,,,,,,,,,,,,,,,,,,,,,,,,,,,,,,,,,
テスト株式会社443,,,,,,,,,,,,,,,,,,,,,,,,,,,,,,,,,,,
テスト株式会社444,,,,,,,,,,,,,,,,,,,,,,,,,,,,,,,,,,,
テスト株式会社445,,,,,,,,,,,,,,,,,,,,,,,,,,,,,,,,,,,
テスト株式会社446,,,,,,,,,,,,,,,,,,,,,,,,,,,,,,,,,,,
テスト株式会社447,,,,,,,,,,,,,,,,,,,,,,,,,,,,,,,,,,,
テスト株式会社448,,,,,,,,,,,,,,,,,,,,,,,,,,,,,,,,,,,
テスト株式会社449,,,,,,,,,,,,,,,,,,,,,,,,,,,,,,,,,,,
テスト株式会社450,,,,,,,,,,,,,,,,,,,,,,,,,,,,,,,,,,,
テスト株式会社451,,,,,,,,,,,,,,,,,,,,,,,,,,,,,,,,,,,
テスト株式会社452,,,,,,,,,,,,,,,,,,,,,,,,,,,,,,,,,,,
テスト株式会社453,,,,,,,,,,,,,,,,,,,,,,,,,,,,,,,,,,,
テスト株式会社454,,,,,,,,,,,,,,,,,,,,,,,,,,,,,,,,,,,
テスト株式会社455,,,,,,,,,,,,,,,,,,,,,,,,,,,,,,,,,,,
テスト株式会社456,,,,,,,,,,,,,,,,,,,,,,,,,,,,,,,,,,,
テスト株式会社457,,,,,,,,,,,,,,,,,,,,,,,,,,,,,,,,,,,
テスト株式会社458,,,,,,,,,,,,,,,,,,,,,,,,,,,,,,,,,,,
テスト株式会社459,,,,,,,,,,,,,,,,,,,,,,,,,,,,,,,,,,,
テスト株式会社460,,,,,,,,,,,,,,,,,,,,,,,,,,,,,,,,,,,
テスト株式会社461,,,,,,,,,,,,,,,,,,,,,,,,,,,,,,,,,,,
テスト株式会社462,,,,,,,,,,,,,,,,,,,,,,,,,,,,,,,,,,,
テスト株式会社463,,,,,,,,,,,,,,,,,,,,,,,,,,,,,,,,,,,
テスト株式会社464,,,,,,,,,,,,,,,,,,,,,,,,,,,,,,,,,,,
テスト株式会社465,,,,,,,,,,,,,,,,,,,,,,,,,,,,,,,,,,,
テスト株式会社466,,,,,,,,,,,,,,,,,,,,,,,,,,,,,,,,,,,
テスト株式会社467,,,,,,,,,,,,,,,,,,,,,,,,,,,,,,,,,,,
テスト株式会社468,,,,,,,,,,,,,,,,,,,,,,,,,,,,,,,,,,,
テスト株式会社469,,,,,,,,,,,,,,,,,,,,,,,,,,,,,,,,,,,
テスト株式会社470,,,,,,,,,,,,,,,,,,,,,,,,,,,,,,,,,,,
テスト株式会社471,,,,,,,,,,,,,,,,,,,,,,,,,,,,,,,,,,,
テスト株式会社472,,,,,,,,,,,,,,,,,,,,,,,,,,,,,,,,,,,
テスト株式会社473,,,,,,,,,,,,,,,,,,,,,,,,,,,,,,,,,,,
テスト株式会社474,,,,,,,,,,,,,,,,,,,,,,,,,,,,,,,,,,,
テスト株式会社475,,,,,,,,,,,,,,,,,,,,,,,,,,,,,,,,,,,
テスト株式会社476,,,,,,,,,,,,,,,,,,,,,,,,,,,,,,,,,,,
テスト株式会社477,,,,,,,,,,,,,,,,,,,,,,,,,,,,,,,,,,,
テスト株式会社478,,,,,,,,,,,,,,,,,,,,,,,,,,,,,,,,,,,
テスト株式会社479,,,,,,,,,,,,,,,,,,,,,,,,,,,,,,,,,,,
テスト株式会社480,,,,,,,,,,,,,,,,,,,,,,,,,,,,,,,,,,,
テスト株式会社481,,,,,,,,,,,,,,,,,,,,,,,,,,,,,,,,,,,
テスト株式会社482,,,,,,,,,,,,,,,,,,,,,,,,,,,,,,,,,,,
テスト株式会社483,,,,,,,,,,,,,,,,,,,,,,,,,,,,,,,,,,,
テスト株式会社484,,,,,,,,,,,,,,,,,,,,,,,,,,,,,,,,,,,
テスト株式会社485,,,,,,,,,,,,,,,,,,,,,,,,,,,,,,,,,,,
テスト株式会社486,,,,,,,,,,,,,,,,,,,,,,,,,,,,,,,,,,,
テスト株式会社487,,,,,,,,,,,,,,,,,,,,,,,,,,,,,,,,,,,
テスト株式会社488,,,,,,,,,,,,,,,,,,,,,,,,,,,,,,,,,,,
テスト株式会社489,,,,,,,,,,,,,,,,,,,,,,,,,,,,,,,,,,,
テスト株式会社490,,,,,,,,,,,,,,,,,,,,,,,,,,,,,,,,,,,
テスト株式会社491,,,,,,,,,,,,,,,,,,,,,,,,,,,,,,,,,,,
テスト株式会社492,,,,,,,,,,,,,,,,,,,,,,,,,,,,,,,,,,,
テスト株式会社493,,,,,,,,,,,,,,,,,,,,,,,,,,,,,,,,,,,
テスト株式会社494,,,,,,,,,,,,,,,,,,,,,,,,,,,,,,,,,,,
テスト株式会社495,,,,,,,,,,,,,,,,,,,,,,,,,,,,,,,,,,,
テスト株式会社496,,,,,,,,,,,,,,,,,,,,,,,,,,,,,,,,,,,
テスト株式会社497,,,,,,,,,,,,,,,,,,,,,,,,,,,,,,,,,,,
テスト株式会社498,,,,,,,,,,,,,,,,,,,,,,,,,,,,,,,,,,,
テスト株式会社499,,,,,,,,,,,,,,,,,,,,,,,,,,,,,,,,,,,
テスト株式会社500,,,,,,,,,,,,,,,,,,,,,,,,,,,,,,,,,,,
テスト株式会社501,,,,,,,,,,,,,,,,,,,,,,,,,,,,,,,,,,,
テスト株式会社502,,,,,,,,,,,,,,,,,,,,,,,,,,,,,,,,,,,
テスト株式会社503,,,,,,,,,,,,,,,,,,,,,,,,,,,,,,,,,,,
テスト株式会社504,,,,,,,,,,,,,,,,,,,,,,,,,,,,,,,,,,,
テスト株式会社505,,,,,,,,,,,,,,,,,,,,,,,,,,,,,,,,,,,
テスト株式会社506,,,,,,,,,,,,,,,,,,,,,,,,,,,,,,,,,,,
テスト株式会社507,,,,,,,,,,,,,,,,,,,,,,,,,,,,,,,,,,,
テスト株式会社508,,,,,,,,,,,,,,,,,,,,,,,,,,,,,,,,,,,
テスト株式会社509,,,,,,,,,,,,,,,,,,,,,,,,,,,,,,,,,,,
テスト株式会社510,,,,,,,,,,,,,,,,,,,,,,,,,,,,,,,,,,,
テスト株式会社511,,,,,,,,,,,,,,,,,,,,,,,,,,,,,,,,,,,
テスト株式会社512,,,,,,,,,,,,,,,,,,,,,,,,,,,,,,,,,,,
テスト株式会社513,,,,,,,,,,,,,,,,,,,,,,,,,,,,,,,,,,,
テスト株式会社514,,,,,,,,,,,,,,,,,,,,,,,,,,,,,,,,,,,
テスト株式会社515,,,,,,,,,,,,,,,,,,,,,,,,,,,,,,,,,,,
テスト株式会社516,,,,,,,,,,,,,,,,,,,,,,,,,,,,,,,,,,,
テスト株式会社517,,,,,,,,,,,,,,,,,,,,,,,,,,,,,,,,,,,
テスト株式会社518,,,,,,,,,,,,,,,,,,,,,,,,,,,,,,,,,,,
テスト株式会社519,,,,,,,,,,,,,,,,,,,,,,,,,,,,,,,,,,,
テスト株式会社520,,,,,,,,,,,,,,,,,,,,,,,,,,,,,,,,,,,
テスト株式会社521,,,,,,,,,,,,,,,,,,,,,,,,,,,,,,,,,,,
テスト株式会社522,,,,,,,,,,,,,,,,,,,,,,,,,,,,,,,,,,,
テスト株式会社523,,,,,,,,,,,,,,,,,,,,,,,,,,,,,,,,,,,
テスト株式会社524,,,,,,,,,,,,,,,,,,,,,,,,,,,,,,,,,,,
テスト株式会社525,,,,,,,,,,,,,,,,,,,,,,,,,,,,,,,,,,,
テスト株式会社526,,,,,,,,,,,,,,,,,,,,,,,,,,,,,,,,,,,
テスト株式会社527,,,,,,,,,,,,,,,,,,,,,,,,,,,,,,,,,,,
テスト株式会社528,,,,,,,,,,,,,,,,,,,,,,,,,,,,,,,,,,,
テスト株式会社529,,,,,,,,,,,,,,,,,,,,,,,,,,,,,,,,,,,
テスト株式会社530,,,,,,,,,,,,,,,,,,,,,,,,,,,,,,,,,,,
テスト株式会社531,,,,,,,,,,,,,,,,,,,,,,,,,,,,,,,,,,,
テスト株式会社532,,,,,,,,,,,,,,,,,,,,,,,,,,,,,,,,,,,
テスト株式会社533,,,,,,,,,,,,,,,,,,,,,,,,,,,,,,,,,,,
テスト株式会社534,,,,,,,,,,,,,,,,,,,,,,,,,,,,,,,,,,,
テスト株式会社535,,,,,,,,,,,,,,,,,,,,,,,,,,,,,,,,,,,
テスト株式会社536,,,,,,,,,,,,,,,,,,,,,,,,,,,,,,,,,,,
テスト株式会社537,,,,,,,,,,,,,,,,,,,,,,,,,,,,,,,,,,,
テスト株式会社538,,,,,,,,,,,,,,,,,,,,,,,,,,,,,,,,,,,
テスト株式会社539,,,,,,,,,,,,,,,,,,,,,,,,,,,,,,,,,,,
テスト株式会社540,,,,,,,,,,,,,,,,,,,,,,,,,,,,,,,,,,,
テスト株式会社541,,,,,,,,,,,,,,,,,,,,,,,,,,,,,,,,,,,
テスト株式会社542,,,,,,,,,,,,,,,,,,,,,,,,,,,,,,,,,,,
テスト株式会社543,,,,,,,,,,,,,,,,,,,,,,,,,,,,,,,,,,,
テスト株式会社544,,,,,,,,,,,,,,,,,,,,,,,,,,,,,,,,,,,
テスト株式会社545,,,,,,,,,,,,,,,,,,,,,,,,,,,,,,,,,,,
テスト株式会社546,,,,,,,,,,,,,,,,,,,,,,,,,,,,,,,,,,,
テスト株式会社547,,,,,,,,,,,,,,,,,,,,,,,,,,,,,,,,,,,
テスト株式会社548,,,,,,,,,,,,,,,,,,,,,,,,,,,,,,,,,,,
テスト株式会社549,,,,,,,,,,,,,,,,,,,,,,,,,,,,,,,,,,,
テスト株式会社550,,,,,,,,,,,,,,,,,,,,,,,,,,,,,,,,,,,
テスト株式会社551,,,,,,,,,,,,,,,,,,,,,,,,,,,,,,,,,,,
テスト株式会社552,,,,,,,,,,,,,,,,,,,,,,,,,,,,,,,,,,,
テスト株式会社553,,,,,,,,,,,,,,,,,,,,,,,,,,,,,,,,,,,
テスト株式会社554,,,,,,,,,,,,,,,,,,,,,,,,,,,,,,,,,,,
テスト株式会社555,,,,,,,,,,,,,,,,,,,,,,,,,,,,,,,,,,,
テスト株式会社556,,,,,,,,,,,,,,,,,,,,,,,,,,,,,,,,,,,
テスト株式会社557,,,,,,,,,,,,,,,,,,,,,,,,,,,,,,,,,,,
テスト株式会社558,,,,,,,,,,,,,,,,,,,,,,,,,,,,,,,,,,,
テスト株式会社559,,,,,,,,,,,,,,,,,,,,,,,,,,,,,,,,,,,
テスト株式会社560,,,,,,,,,,,,,,,,,,,,,,,,,,,,,,,,,,,
テスト株式会社561,,,,,,,,,,,,,,,,,,,,,,,,,,,,,,,,,,,
テスト株式会社562,,,,,,,,,,,,,,,,,,,,,,,,,,,,,,,,,,,
テスト株式会社563,,,,,,,,,,,,,,,,,,,,,,,,,,,,,,,,,,,
テスト株式会社564,,,,,,,,,,,,,,,,,,,,,,,,,,,,,,,,,,,
テスト株式会社565,,,,,,,,,,,,,,,,,,,,,,,,,,,,,,,,,,,
テスト株式会社566,,,,,,,,,,,,,,,,,,,,,,,,,,,,,,,,,,,
テスト株式会社567,,,,,,,,,,,,,,,,,,,,,,,,,,,,,,,,,,,
テスト株式会社568,,,,,,,,,,,,,,,,,,,,,,,,,,,,,,,,,,,
テスト株式会社569,,,,,,,,,,,,,,,,,,,,,,,,,,,,,,,,,,,
テスト株式会社570,,,,,,,,,,,,,,,,,,,,,,,,,,,,,,,,,,,
テスト株式会社571,,,,,,,,,,,,,,,,,,,,,,,,,,,,,,,,,,,
テスト株式会社572,,,,,,,,,,,,,,,,,,,,,,,,,,,,,,,,,,,
テスト株式会社573,,,,,,,,,,,,,,,,,,,,,,,,,,,,,,,,,,,
テスト株式会社574,,,,,,,,,,,,,,,,,,,,,,,,,,,,,,,,,,,
テスト株式会社575,,,,,,,,,,,,,,,,,,,,,,,,,,,,,,,,,,,
テスト株式会社576,,,,,,,,,,,,,,,,,,,,,,,,,,,,,,,,,,,
テスト株式会社577,,,,,,,,,,,,,,,,,,,,,,,,,,,,,,,,,,,
テスト株式会社578,,,,,,,,,,,,,,,,,,,,,,,,,,,,,,,,,,,
テスト株式会社579,,,,,,,,,,,,,,,,,,,,,,,,,,,,,,,,,,,
テスト株式会社580,,,,,,,,,,,,,,,,,,,,,,,,,,,,,,,,,,,
テスト株式会社581,,,,,,,,,,,,,,,,,,,,,,,,,,,,,,,,,,,
テスト株式会社582,,,,,,,,,,,,,,,,,,,,,,,,,,,,,,,,,,,
テスト株式会社583,,,,,,,,,,,,,,,,,,,,,,,,,,,,,,,,,,,
テスト株式会社584,,,,,,,,,,,,,,,,,,,,,,,,,,,,,,,,,,,
テスト株式会社585,,,,,,,,,,,,,,,,,,,,,,,,,,,,,,,,,,,
テスト株式会社586,,,,,,,,,,,,,,,,,,,,,,,,,,,,,,,,,,,
テスト株式会社587,,,,,,,,,,,,,,,,,,,,,,,,,,,,,,,,,,,
テスト株式会社588,,,,,,,,,,,,,,,,,,,,,,,,,,,,,,,,,,,
テスト株式会社589,,,,,,,,,,,,,,,,,,,,,,,,,,,,,,,,,,,
テスト株式会社590,,,,,,,,,,,,,,,,,,,,,,,,,,,,,,,,,,,
テスト株式会社591,,,,,,,,,,,,,,,,,,,,,,,,,,,,,,,,,,,
テスト株式会社592,,,,,,,,,,,,,,,,,,,,,,,,,,,,,,,,,,,
テスト株式会社593,,,,,,,,,,,,,,,,,,,,,,,,,,,,,,,,,,,
テスト株式会社594,,,,,,,,,,,,,,,,,,,,,,,,,,,,,,,,,,,
テスト株式会社595,,,,,,,,,,,,,,,,,,,,,,,,,,,,,,,,,,,
テスト株式会社596,,,,,,,,,,,,,,,,,,,,,,,,,,,,,,,,,,,
テスト株式会社597,,,,,,,,,,,,,,,,,,,,,,,,,,,,,,,,,,,
テスト株式会社598,,,,,,,,,,,,,,,,,,,,,,,,,,,,,,,,,,,
テスト株式会社599,,,,,,,,,,,,,,,,,,,,,,,,,,,,,,,,,,,
テスト株式会社600,,,,,,,,,,,,,,,,,,,,,,,,,,,,,,,,,,,
テスト株式会社601,,,,,,,,,,,,,,,,,,,,,,,,,,,,,,,,,,,
テスト株式会社602,,,,,,,,,,,,,,,,,,,,,,,,,,,,,,,,,,,
テスト株式会社603,,,,,,,,,,,,,,,,,,,,,,,,,,,,,,,,,,,
テスト株式会社604,,,,,,,,,,,,,,,,,,,,,,,,,,,,,,,,,,,
テスト株式会社605,,,,,,,,,,,,,,,,,,,,,,,,,,,,,,,,,,,
テスト株式会社606,,,,,,,,,,,,,,,,,,,,,,,,,,,,,,,,,,,
テスト株式会社607,,,,,,,,,,,,,,,,,,,,,,,,,,,,,,,,,,,
テスト株式会社608,,,,,,,,,,,,,,,,,,,,,,,,,,,,,,,,,,,
テスト株式会社609,,,,,,,,,,,,,,,,,,,,,,,,,,,,,,,,,,,
テスト株式会社610,,,,,,,,,,,,,,,,,,,,,,,,,,,,,,,,,,,
テスト株式会社611,,,,,,,,,,,,,,,,,,,,,,,,,,,,,,,,,,,
テスト株式会社612,,,,,,,,,,,,,,,,,,,,,,,,,,,,,,,,,,,
テスト株式会社613,,,,,,,,,,,,,,,,,,,,,,,,,,,,,,,,,,,
テスト株式会社614,,,,,,,,,,,,,,,,,,,,,,,,,,,,,,,,,,,
テスト株式会社615,,,,,,,,,,,,,,,,,,,,,,,,,,,,,,,,,,,
テスト株式会社616,,,,,,,,,,,,,,,,,,,,,,,,,,,,,,,,,,,
テスト株式会社617,,,,,,,,,,,,,,,,,,,,,,,,,,,,,,,,,,,
テスト株式会社618,,,,,,,,,,,,,,,,,,,,,,,,,,,,,,,,,,,
テスト株式会社619,,,,,,,,,,,,,,,,,,,,,,,,,,,,,,,,,,,
テスト株式会社620,,,,,,,,,,,,,,,,,,,,,,,,,,,,,,,,,,,
テスト株式会社621,,,,,,,,,,,,,,,,,,,,,,,,,,,,,,,,,,,
テスト株式会社622,,,,,,,,,,,,,,,,,,,,,,,,,,,,,,,,,,,
テスト株式会社623,,,,,,,,,,,,,,,,,,,,,,,,,,,,,,,,,,,
テスト株式会社624,,,,,,,,,,,,,,,,,,,,,,,,,,,,,,,,,,,
テスト株式会社625,,,,,,,,,,,,,,,,,,,,,,,,,,,,,,,,,,,
テスト株式会社626,,,,,,,,,,,,,,,,,,,,,,,,,,,,,,,,,,,
テスト株式会社627,,,,,,,,,,,,,,,,,,,,,,,,,,,,,,,,,,,
テスト株式会社628,,,,,,,,,,,,,,,,,,,,,,,,,,,,,,,,,,,
テスト株式会社629,,,,,,,,,,,,,,,,,,,,,,,,,,,,,,,,,,,
テスト株式会社630,,,,,,,,,,,,,,,,,,,,,,,,,,,,,,,,,,,
テスト株式会社631,,,,,,,,,,,,,,,,,,,,,,,,,,,,,,,,,,,
テスト株式会社632,,,,,,,,,,,,,,,,,,,,,,,,,,,,,,,,,,,
テスト株式会社633,,,,,,,,,,,,,,,,,,,,,,,,,,,,,,,,,,,
テスト株式会社634,,,,,,,,,,,,,,,,,,,,,,,,,,,,,,,,,,,
テスト株式会社635,,,,,,,,,,,,,,,,,,,,,,,,,,,,,,,,,,,
テスト株式会社636,,,,,,,,,,,,,,,,,,,,,,,,,,,,,,,,,,,
テスト株式会社637,,,,,,,,,,,,,,,,,,,,,,,,,,,,,,,,,,,
テスト株式会社638,,,,,,,,,,,,,,,,,,,,,,,,,,,,,,,,,,,
テスト株式会社639,,,,,,,,,,,,,,,,,,,,,,,,,,,,,,,,,,,
テスト株式会社640,,,,,,,,,,,,,,,,,,,,,,,,,,,,,,,,,,,
テスト株式会社641,,,,,,,,,,,,,,,,,,,,,,,,,,,,,,,,,,,
テスト株式会社642,,,,,,,,,,,,,,,,,,,,,,,,,,,,,,,,,,,
テスト株式会社643,,,,,,,,,,,,,,,,,,,,,,,,,,,,,,,,,,,
テスト株式会社644,,,,,,,,,,,,,,,,,,,,,,,,,,,,,,,,,,,
テスト株式会社645,,,,,,,,,,,,,,,,,,,,,,,,,,,,,,,,,,,
テスト株式会社646,,,,,,,,,,,,,,,,,,,,,,,,,,,,,,,,,,,
テスト株式会社647,,,,,,,,,,,,,,,,,,,,,,,,,,,,,,,,,,,
テスト株式会社648,,,,,,,,,,,,,,,,,,,,,,,,,,,,,,,,,,,
テスト株式会社649,,,,,,,,,,,,,,,,,,,,,,,,,,,,,,,,,,,
テスト株式会社650,,,,,,,,,,,,,,,,,,,,,,,,,,,,,,,,,,,
テスト株式会社651,,,,,,,,,,,,,,,,,,,,,,,,,,,,,,,,,,,
テスト株式会社652,,,,,,,,,,,,,,,,,,,,,,,,,,,,,,,,,,,
テスト株式会社653,,,,,,,,,,,,,,,,,,,,,,,,,,,,,,,,,,,
テスト株式会社654,,,,,,,,,,,,,,,,,,,,,,,,,,,,,,,,,,,
テスト株式会社655,,,,,,,,,,,,,,,,,,,,,,,,,,,,,,,,,,,
テスト株式会社656,,,,,,,,,,,,,,,,,,,,,,,,,,,,,,,,,,,
テスト株式会社657,,,,,,,,,,,,,,,,,,,,,,,,,,,,,,,,,,,
テスト株式会社658,,,,,,,,,,,,,,,,,,,,,,,,,,,,,,,,,,,
テスト株式会社659,,,,,,,,,,,,,,,,,,,,,,,,,,,,,,,,,,,
テスト株式会社660,,,,,,,,,,,,,,,,,,,,,,,,,,,,,,,,,,,
テスト株式会社661,,,,,,,,,,,,,,,,,,,,,,,,,,,,,,,,,,,
テスト株式会社662,,,,,,,,,,,,,,,,,,,,,,,,,,,,,,,,,,,
テスト株式会社663,,,,,,,,,,,,,,,,,,,,,,,,,,,,,,,,,,,
テスト株式会社664,,,,,,,,,,,,,,,,,,,,,,,,,,,,,,,,,,,
テスト株式会社665,,,,,,,,,,,,,,,,,,,,,,,,,,,,,,,,,,,
テスト株式会社666,,,,,,,,,,,,,,,,,,,,,,,,,,,,,,,,,,,
テスト株式会社667,,,,,,,,,,,,,,,,,,,,,,,,,,,,,,,,,,,
テスト株式会社668,,,,,,,,,,,,,,,,,,,,,,,,,,,,,,,,,,,
テスト株式会社669,,,,,,,,,,,,,,,,,,,,,,,,,,,,,,,,,,,
テスト株式会社670,,,,,,,,,,,,,,,,,,,,,,,,,,,,,,,,,,,
テスト株式会社671,,,,,,,,,,,,,,,,,,,,,,,,,,,,,,,,,,,
テスト株式会社672,,,,,,,,,,,,,,,,,,,,,,,,,,,,,,,,,,,
テスト株式会社673,,,,,,,,,,,,,,,,,,,,,,,,,,,,,,,,,,,
テスト株式会社674,,,,,,,,,,,,,,,,,,,,,,,,,,,,,,,,,,,
テスト株式会社675,,,,,,,,,,,,,,,,,,,,,,,,,,,,,,,,,,,
テスト株式会社676,,,,,,,,,,,,,,,,,,,,,,,,,,,,,,,,,,,
テスト株式会社677,,,,,,,,,,,,,,,,,,,,,,,,,,,,,,,,,,,
テスト株式会社678,,,,,,,,,,,,,,,,,,,,,,,,,,,,,,,,,,,
テスト株式会社679,,,,,,,,,,,,,,,,,,,,,,,,,,,,,,,,,,,
テスト株式会社680,,,,,,,,,,,,,,,,,,,,,,,,,,,,,,,,,,,
テスト株式会社681,,,,,,,,,,,,,,,,,,,,,,,,,,,,,,,,,,,
テスト株式会社682,,,,,,,,,,,,,,,,,,,,,,,,,,,,,,,,,,,
テスト株式会社683,,,,,,,,,,,,,,,,,,,,,,,,,,,,,,,,,,,
テスト株式会社684,,,,,,,,,,,,,,,,,,,,,,,,,,,,,,,,,,,
テスト株式会社685,,,,,,,,,,,,,,,,,,,,,,,,,,,,,,,,,,,
テスト株式会社686,,,,,,,,,,,,,,,,,,,,,,,,,,,,,,,,,,,
テスト株式会社687,,,,,,,,,,,,,,,,,,,,,,,,,,,,,,,,,,,
テスト株式会社688,,,,,,,,,,,,,,,,,,,,,,,,,,,,,,,,,,,
テスト株式会社689,,,,,,,,,,,,,,,,,,,,,,,,,,,,,,,,,,,
テスト株式会社690,,,,,,,,,,,,,,,,,,,,,,,,,,,,,,,,,,,
テスト株式会社691,,,,,,,,,,,,,,,,,,,,,,,,,,,,,,,,,,,
テスト株式会社692,,,,,,,,,,,,,,,,,,,,,,,,,,,,,,,,,,,
テスト株式会社693,,,,,,,,,,,,,,,,,,,,,,,,,,,,,,,,,,,
テスト株式会社694,,,,,,,,,,,,,,,,,,,,,,,,,,,,,,,,,,,
テスト株式会社695,,,,,,,,,,,,,,,,,,,,,,,,,,,,,,,,,,,
テスト株式会社696,,,,,,,,,,,,,,,,,,,,,,,,,,,,,,,,,,,
テスト株式会社697,,,,,,,,,,,,,,,,,,,,,,,,,,,,,,,,,,,
テスト株式会社698,,,,,,,,,,,,,,,,,,,,,,,,,,,,,,,,,,,
テスト株式会社699,,,,,,,,,,,,,,,,,,,,,,,,,,,,,,,,,,,
テスト株式会社700,,,,,,,,,,,,,,,,,,,,,,,,,,,,,,,,,,,
テスト株式会社701,,,,,,,,,,,,,,,,,,,,,,,,,,,,,,,,,,,
テスト株式会社702,,,,,,,,,,,,,,,,,,,,,,,,,,,,,,,,,,,
テスト株式会社703,,,,,,,,,,,,,,,,,,,,,,,,,,,,,,,,,,,
テスト株式会社704,,,,,,,,,,,,,,,,,,,,,,,,,,,,,,,,,,,
テスト株式会社705,,,,,,,,,,,,,,,,,,,,,,,,,,,,,,,,,,,
テスト株式会社706,,,,,,,,,,,,,,,,,,,,,,,,,,,,,,,,,,,
テスト株式会社707,,,,,,,,,,,,,,,,,,,,,,,,,,,,,,,,,,,
テスト株式会社708,,,,,,,,,,,,,,,,,,,,,,,,,,,,,,,,,,,
テスト株式会社709,,,,,,,,,,,,,,,,,,,,,,,,,,,,,,,,,,,
テスト株式会社710,,,,,,,,,,,,,,,,,,,,,,,,,,,,,,,,,,,
テスト株式会社711,,,,,,,,,,,,,,,,,,,,,,,,,,,,,,,,,,,
テスト株式会社712,,,,,,,,,,,,,,,,,,,,,,,,,,,,,,,,,,,
テスト株式会社713,,,,,,,,,,,,,,,,,,,,,,,,,,,,,,,,,,,
テスト株式会社714,,,,,,,,,,,,,,,,,,,,,,,,,,,,,,,,,,,
テスト株式会社715,,,,,,,,,,,,,,,,,,,,,,,,,,,,,,,,,,,
テスト株式会社716,,,,,,,,,,,,,,,,,,,,,,,,,,,,,,,,,,,
テスト株式会社717,,,,,,,,,,,,,,,,,,,,,,,,,,,,,,,,,,,
テスト株式会社718,,,,,,,,,,,,,,,,,,,,,,,,,,,,,,,,,,,
テスト株式会社719,,,,,,,,,,,,,,,,,,,,,,,,,,,,,,,,,,,
テスト株式会社720,,,,,,,,,,,,,,,,,,,,,,,,,,,,,,,,,,,
テスト株式会社721,,,,,,,,,,,,,,,,,,,,,,,,,,,,,,,,,,,
テスト株式会社722,,,,,,,,,,,,,,,,,,,,,,,,,,,,,,,,,,,
テスト株式会社723,,,,,,,,,,,,,,,,,,,,,,,,,,,,,,,,,,,
テスト株式会社724,,,,,,,,,,,,,,,,,,,,,,,,,,,,,,,,,,,
テスト株式会社725,,,,,,,,,,,,,,,,,,,,,,,,,,,,,,,,,,,
テスト株式会社726,,,,,,,,,,,,,,,,,,,,,,,,,,,,,,,,,,,
テスト株式会社727,,,,,,,,,,,,,,,,,,,,,,,,,,,,,,,,,,,
テスト株式会社728,,,,,,,,,,,,,,,,,,,,,,,,,,,,,,,,,,,
テスト株式会社729,,,,,,,,,,,,,,,,,,,,,,,,,,,,,,,,,,,
テスト株式会社730,,,,,,,,,,,,,,,,,,,,,,,,,,,,,,,,,,,
テスト株式会社731,,,,,,,,,,,,,,,,,,,,,,,,,,,,,,,,,,,
テスト株式会社732,,,,,,,,,,,,,,,,,,,,,,,,,,,,,,,,,,,
テスト株式会社733,,,,,,,,,,,,,,,,,,,,,,,,,,,,,,,,,,,
テスト株式会社734,,,,,,,,,,,,,,,,,,,,,,,,,,,,,,,,,,,
テスト株式会社735,,,,,,,,,,,,,,,,,,,,,,,,,,,,,,,,,,,
テスト株式会社736,,,,,,,,,,,,,,,,,,,,,,,,,,,,,,,,,,,
テスト株式会社737,,,,,,,,,,,,,,,,,,,,,,,,,,,,,,,,,,,
テスト株式会社738,,,,,,,,,,,,,,,,,,,,,,,,,,,,,,,,,,,
テスト株式会社739,,,,,,,,,,,,,,,,,,,,,,,,,,,,,,,,,,,
テスト株式会社740,,,,,,,,,,,,,,,,,,,,,,,,,,,,,,,,,,,
テスト株式会社741,,,,,,,,,,,,,,,,,,,,,,,,,,,,,,,,,,,
テスト株式会社742,,,,,,,,,,,,,,,,,,,,,,,,,,,,,,,,,,,
テスト株式会社743,,,,,,,,,,,,,,,,,,,,,,,,,,,,,,,,,,,
テスト株式会社744,,,,,,,,,,,,,,,,,,,,,,,,,,,,,,,,,,,
テスト株式会社745,,,,,,,,,,,,,,,,,,,,,,,,,,,,,,,,,,,
テスト株式会社746,,,,,,,,,,,,,,,,,,,,,,,,,,,,,,,,,,,
テスト株式会社747,,,,,,,,,,,,,,,,,,,,,,,,,,,,,,,,,,,
テスト株式会社748,,,,,,,,,,,,,,,,,,,,,,,,,,,,,,,,,,,
テスト株式会社749,,,,,,,,,,,,,,,,,,,,,,,,,,,,,,,,,,,
テスト株式会社750,,,,,,,,,,,,,,,,,,,,,,,,,,,,,,,,,,,
テスト株式会社751,,,,,,,,,,,,,,,,,,,,,,,,,,,,,,,,,,,
テスト株式会社752,,,,,,,,,,,,,,,,,,,,,,,,,,,,,,,,,,,
テスト株式会社753,,,,,,,,,,,,,,,,,,,,,,,,,,,,,,,,,,,
テスト株式会社754,,,,,,,,,,,,,,,,,,,,,,,,,,,,,,,,,,,
テスト株式会社755,,,,,,,,,,,,,,,,,,,,,,,,,,,,,,,,,,,
テスト株式会社756,,,,,,,,,,,,,,,,,,,,,,,,,,,,,,,,,,,
テスト株式会社757,,,,,,,,,,,,,,,,,,,,,,,,,,,,,,,,,,,
テスト株式会社758,,,,,,,,,,,,,,,,,,,,,,,,,,,,,,,,,,,
テスト株式会社759,,,,,,,,,,,,,,,,,,,,,,,,,,,,,,,,,,,
テスト株式会社760,,,,,,,,,,,,,,,,,,,,,,,,,,,,,,,,,,,
テスト株式会社761,,,,,,,,,,,,,,,,,,,,,,,,,,,,,,,,,,,
テスト株式会社762,,,,,,,,,,,,,,,,,,,,,,,,,,,,,,,,,,,
テスト株式会社763,,,,,,,,,,,,,,,,,,,,,,,,,,,,,,,,,,,
テスト株式会社764,,,,,,,,,,,,,,,,,,,,,,,,,,,,,,,,,,,
テスト株式会社765,,,,,,,,,,,,,,,,,,,,,,,,,,,,,,,,,,,
テスト株式会社766,,,,,,,,,,,,,,,,,,,,,,,,,,,,,,,,,,,
テスト株式会社767,,,,,,,,,,,,,,,,,,,,,,,,,,,,,,,,,,,
テスト株式会社768,,,,,,,,,,,,,,,,,,,,,,,,,,,,,,,,,,,
テスト株式会社769,,,,,,,,,,,,,,,,,,,,,,,,,,,,,,,,,,,
テスト株式会社770,,,,,,,,,,,,,,,,,,,,,,,,,,,,,,,,,,,
テスト株式会社771,,,,,,,,,,,,,,,,,,,,,,,,,,,,,,,,,,,
テスト株式会社772,,,,,,,,,,,,,,,,,,,,,,,,,,,,,,,,,,,
テスト株式会社773,,,,,,,,,,,,,,,,,,,,,,,,,,,,,,,,,,,
テスト株式会社774,,,,,,,,,,,,,,,,,,,,,,,,,,,,,,,,,,,
テスト株式会社775,,,,,,,,,,,,,,,,,,,,,,,,,,,,,,,,,,,
テスト株式会社776,,,,,,,,,,,,,,,,,,,,,,,,,,,,,,,,,,,
テスト株式会社777,,,,,,,,,,,,,,,,,,,,,,,,,,,,,,,,,,,
テスト株式会社778,,,,,,,,,,,,,,,,,,,,,,,,,,,,,,,,,,,
テスト株式会社779,,,,,,,,,,,,,,,,,,,,,,,,,,,,,,,,,,,
テスト株式会社780,,,,,,,,,,,,,,,,,,,,,,,,,,,,,,,,,,,
テスト株式会社781,,,,,,,,,,,,,,,,,,,,,,,,,,,,,,,,,,,
テスト株式会社782,,,,,,,,,,,,,,,,,,,,,,,,,,,,,,,,,,,
テスト株式会社783,,,,,,,,,,,,,,,,,,,,,,,,,,,,,,,,,,,
テスト株式会社784,,,,,,,,,,,,,,,,,,,,,,,,,,,,,,,,,,,
テスト株式会社785,,,,,,,,,,,,,,,,,,,,,,,,,,,,,,,,,,,
テスト株式会社786,,,,,,,,,,,,,,,,,,,,,,,,,,,,,,,,,,,
テスト株式会社787,,,,,,,,,,,,,,,,,,,,,,,,,,,,,,,,,,,
テスト株式会社788,,,,,,,,,,,,,,,,,,,,,,,,,,,,,,,,,,,
テスト株式会社789,,,,,,,,,,,,,,,,,,,,,,,,,,,,,,,,,,,
テスト株式会社790,,,,,,,,,,,,,,,,,,,,,,,,,,,,,,,,,,,
テスト株式会社791,,,,,,,,,,,,,,,,,,,,,,,,,,,,,,,,,,,
テスト株式会社792,,,,,,,,,,,,,,,,,,,,,,,,,,,,,,,,,,,
テスト株式会社793,,,,,,,,,,,,,,,,,,,,,,,,,,,,,,,,,,,
テスト株式会社794,,,,,,,,,,,,,,,,,,,,,,,,,,,,,,,,,,,
テスト株式会社795,,,,,,,,,,,,,,,,,,,,,,,,,,,,,,,,,,,
テスト株式会社796,,,,,,,,,,,,,,,,,,,,,,,,,,,,,,,,,,,
テスト株式会社797,,,,,,,,,,,,,,,,,,,,,,,,,,,,,,,,,,,
テスト株式会社798,,,,,,,,,,,,,,,,,,,,,,,,,,,,,,,,,,,
テスト株式会社799,,,,,,,,,,,,,,,,,,,,,,,,,,,,,,,,,,,
テスト株式会社800,,,,,,,,,,,,,,,,,,,,,,,,,,,,,,,,,,,
テスト株式会社801,,,,,,,,,,,,,,,,,,,,,,,,,,,,,,,,,,,
テスト株式会社802,,,,,,,,,,,,,,,,,,,,,,,,,,,,,,,,,,,
テスト株式会社803,,,,,,,,,,,,,,,,,,,,,,,,,,,,,,,,,,,
テスト株式会社804,,,,,,,,,,,,,,,,,,,,,,,,,,,,,,,,,,,
テスト株式会社805,,,,,,,,,,,,,,,,,,,,,,,,,,,,,,,,,,,
テスト株式会社806,,,,,,,,,,,,,,,,,,,,,,,,,,,,,,,,,,,
テスト株式会社807,,,,,,,,,,,,,,,,,,,,,,,,,,,,,,,,,,,
テスト株式会社808,,,,,,,,,,,,,,,,,,,,,,,,,,,,,,,,,,,
テスト株式会社809,,,,,,,,,,,,,,,,,,,,,,,,,,,,,,,,,,,
テスト株式会社810,,,,,,,,,,,,,,,,,,,,,,,,,,,,,,,,,,,
テスト株式会社811,,,,,,,,,,,,,,,,,,,,,,,,,,,,,,,,,,,
テスト株式会社812,,,,,,,,,,,,,,,,,,,,,,,,,,,,,,,,,,,
テスト株式会社813,,,,,,,,,,,,,,,,,,,,,,,,,,,,,,,,,,,
テスト株式会社814,,,,,,,,,,,,,,,,,,,,,,,,,,,,,,,,,,,
テスト株式会社815,,,,,,,,,,,,,,,,,,,,,,,,,,,,,,,,,,,
テスト株式会社816,,,,,,,,,,,,,,,,,,,,,,,,,,,,,,,,,,,
テスト株式会社817,,,,,,,,,,,,,,,,,,,,,,,,,,,,,,,,,,,
テスト株式会社818,,,,,,,,,,,,,,,,,,,,,,,,,,,,,,,,,,,
テスト株式会社819,,,,,,,,,,,,,,,,,,,,,,,,,,,,,,,,,,,
テスト株式会社820,,,,,,,,,,,,,,,,,,,,,,,,,,,,,,,,,,,
テスト株式会社821,,,,,,,,,,,,,,,,,,,,,,,,,,,,,,,,,,,
テスト株式会社822,,,,,,,,,,,,,,,,,,,,,,,,,,,,,,,,,,,
テスト株式会社823,,,,,,,,,,,,,,,,,,,,,,,,,,,,,,,,,,,
テスト株式会社824,,,,,,,,,,,,,,,,,,,,,,,,,,,,,,,,,,,
テスト株式会社825,,,,,,,,,,,,,,,,,,,,,,,,,,,,,,,,,,,
テスト株式会社826,,,,,,,,,,,,,,,,,,,,,,,,,,,,,,,,,,,
テスト株式会社827,,,,,,,,,,,,,,,,,,,,,,,,,,,,,,,,,,,
テスト株式会社828,,,,,,,,,,,,,,,,,,,,,,,,,,,,,,,,,,,
テスト株式会社829,,,,,,,,,,,,,,,,,,,,,,,,,,,,,,,,,,,
テスト株式会社830,,,,,,,,,,,,,,,,,,,,,,,,,,,,,,,,,,,
テスト株式会社831,,,,,,,,,,,,,,,,,,,,,,,,,,,,,,,,,,,
テスト株式会社832,,,,,,,,,,,,,,,,,,,,,,,,,,,,,,,,,,,
テスト株式会社833,,,,,,,,,,,,,,,,,,,,,,,,,,,,,,,,,,,
テスト株式会社834,,,,,,,,,,,,,,,,,,,,,,,,,,,,,,,,,,,
テスト株式会社835,,,,,,,,,,,,,,,,,,,,,,,,,,,,,,,,,,,
テスト株式会社836,,,,,,,,,,,,,,,,,,,,,,,,,,,,,,,,,,,
テスト株式会社837,,,,,,,,,,,,,,,,,,,,,,,,,,,,,,,,,,,
テスト株式会社838,,,,,,,,,,,,,,,,,,,,,,,,,,,,,,,,,,,
テスト株式会社839,,,,,,,,,,,,,,,,,,,,,,,,,,,,,,,,,,,
テスト株式会社840,,,,,,,,,,,,,,,,,,,,,,,,,,,,,,,,,,,
テスト株式会社841,,,,,,,,,,,,,,,,,,,,,,,,,,,,,,,,,,,
テスト株式会社842,,,,,,,,,,,,,,,,,,,,,,,,,,,,,,,,,,,
テスト株式会社843,,,,,,,,,,,,,,,,,,,,,,,,,,,,,,,,,,,
テスト株式会社844,,,,,,,,,,,,,,,,,,,,,,,,,,,,,,,,,,,
テスト株式会社845,,,,,,,,,,,,,,,,,,,,,,,,,,,,,,,,,,,
テスト株式会社846,,,,,,,,,,,,,,,,,,,,,,,,,,,,,,,,,,,
テスト株式会社847,,,,,,,,,,,,,,,,,,,,,,,,,,,,,,,,,,,
テスト株式会社848,,,,,,,,,,,,,,,,,,,,,,,,,,,,,,,,,,,
テスト株式会社849,,,,,,,,,,,,,,,,,,,,,,,,,,,,,,,,,,,
テスト株式会社850,,,,,,,,,,,,,,,,,,,,,,,,,,,,,,,,,,,
テスト株式会社851,,,,,,,,,,,,,,,,,,,,,,,,,,,,,,,,,,,
テスト株式会社852,,,,,,,,,,,,,,,,,,,,,,,,,,,,,,,,,,,
テスト株式会社853,,,,,,,,,,,,,,,,,,,,,,,,,,,,,,,,,,,
テスト株式会社854,,,,,,,,,,,,,,,,,,,,,,,,,,,,,,,,,,,
テスト株式会社855,,,,,,,,,,,,,,,,,,,,,,,,,,,,,,,,,,,
テスト株式会社856,,,,,,,,,,,,,,,,,,,,,,,,,,,,,,,,,,,
テスト株式会社857,,,,,,,,,,,,,,,,,,,,,,,,,,,,,,,,,,,
テスト株式会社858,,,,,,,,,,,,,,,,,,,,,,,,,,,,,,,,,,,
テスト株式会社859,,,,,,,,,,,,,,,,,,,,,,,,,,,,,,,,,,,
テスト株式会社860,,,,,,,,,,,,,,,,,,,,,,,,,,,,,,,,,,,
テスト株式会社861,,,,,,,,,,,,,,,,,,,,,,,,,,,,,,,,,,,
テスト株式会社862,,,,,,,,,,,,,,,,,,,,,,,,,,,,,,,,,,,
テスト株式会社863,,,,,,,,,,,,,,,,,,,,,,,,,,,,,,,,,,,
テスト株式会社864,,,,,,,,,,,,,,,,,,,,,,,,,,,,,,,,,,,
テスト株式会社865,,,,,,,,,,,,,,,,,,,,,,,,,,,,,,,,,,,
テスト株式会社866,,,,,,,,,,,,,,,,,,,,,,,,,,,,,,,,,,,
テスト株式会社867,,,,,,,,,,,,,,,,,,,,,,,,,,,,,,,,,,,
テスト株式会社868,,,,,,,,,,,,,,,,,,,,,,,,,,,,,,,,,,,
テスト株式会社869,,,,,,,,,,,,,,,,,,,,,,,,,,,,,,,,,,,
テスト株式会社870,,,,,,,,,,,,,,,,,,,,,,,,,,,,,,,,,,,
テスト株式会社871,,,,,,,,,,,,,,,,,,,,,,,,,,,,,,,,,,,
テスト株式会社872,,,,,,,,,,,,,,,,,,,,,,,,,,,,,,,,,,,
テスト株式会社873,,,,,,,,,,,,,,,,,,,,,,,,,,,,,,,,,,,
テスト株式会社874,,,,,,,,,,,,,,,,,,,,,,,,,,,,,,,,,,,
テスト株式会社875,,,,,,,,,,,,,,,,,,,,,,,,,,,,,,,,,,,
テスト株式会社876,,,,,,,,,,,,,,,,,,,,,,,,,,,,,,,,,,,
テスト株式会社877,,,,,,,,,,,,,,,,,,,,,,,,,,,,,,,,,,,
テスト株式会社878,,,,,,,,,,,,,,,,,,,,,,,,,,,,,,,,,,,
テスト株式会社879,,,,,,,,,,,,,,,,,,,,,,,,,,,,,,,,,,,
テスト株式会社880,,,,,,,,,,,,,,,,,,,,,,,,,,,,,,,,,,,
テスト株式会社881,,,,,,,,,,,,,,,,,,,,,,,,,,,,,,,,,,,
テスト株式会社882,,,,,,,,,,,,,,,,,,,,,,,,,,,,,,,,,,,
テスト株式会社883,,,,,,,,,,,,,,,,,,,,,,,,,,,,,,,,,,,
テスト株式会社884,,,,,,,,,,,,,,,,,,,,,,,,,,,,,,,,,,,
テスト株式会社885,,,,,,,,,,,,,,,,,,,,,,,,,,,,,,,,,,,
テスト株式会社886,,,,,,,,,,,,,,,,,,,,,,,,,,,,,,,,,,,
テスト株式会社887,,,,,,,,,,,,,,,,,,,,,,,,,,,,,,,,,,,
テスト株式会社888,,,,,,,,,,,,,,,,,,,,,,,,,,,,,,,,,,,
テスト株式会社889,,,,,,,,,,,,,,,,,,,,,,,,,,,,,,,,,,,
テスト株式会社890,,,,,,,,,,,,,,,,,,,,,,,,,,,,,,,,,,,
テスト株式会社891,,,,,,,,,,,,,,,,,,,,,,,,,,,,,,,,,,,
テスト株式会社892,,,,,,,,,,,,,,,,,,,,,,,,,,,,,,,,,,,
テスト株式会社893,,,,,,,,,,,,,,,,,,,,,,,,,,,,,,,,,,,
テスト株式会社894,,,,,,,,,,,,,,,,,,,,,,,,,,,,,,,,,,,
テスト株式会社895,,,,,,,,,,,,,,,,,,,,,,,,,,,,,,,,,,,
テスト株式会社896,,,,,,,,,,,,,,,,,,,,,,,,,,,,,,,,,,,
テスト株式会社897,,,,,,,,,,,,,,,,,,,,,,,,,,,,,,,,,,,
テスト株式会社898,,,,,,,,,,,,,,,,,,,,,,,,,,,,,,,,,,,
テスト株式会社899,,,,,,,,,,,,,,,,,,,,,,,,,,,,,,,,,,,
テスト株式会社900,,,,,,,,,,,,,,,,,,,,,,,,,,,,,,,,,,,
テスト株式会社901,,,,,,,,,,,,,,,,,,,,,,,,,,,,,,,,,,,
テスト株式会社902,,,,,,,,,,,,,,,,,,,,,,,,,,,,,,,,,,,
テスト株式会社903,,,,,,,,,,,,,,,,,,,,,,,,,,,,,,,,,,,
テスト株式会社904,,,,,,,,,,,,,,,,,,,,,,,,,,,,,,,,,,,
テスト株式会社905,,,,,,,,,,,,,,,,,,,,,,,,,,,,,,,,,,,
テスト株式会社906,,,,,,,,,,,,,,,,,,,,,,,,,,,,,,,,,,,
テスト株式会社907,,,,,,,,,,,,,,,,,,,,,,,,,,,,,,,,,,,
テスト株式会社908,,,,,,,,,,,,,,,,,,,,,,,,,,,,,,,,,,,
テスト株式会社909,,,,,,,,,,,,,,,,,,,,,,,,,,,,,,,,,,,
テスト株式会社910,,,,,,,,,,,,,,,,,,,,,,,,,,,,,,,,,,,
テスト株式会社911,,,,,,,,,,,,,,,,,,,,,,,,,,,,,,,,,,,
テスト株式会社912,,,,,,,,,,,,,,,,,,,,,,,,,,,,,,,,,,,
テスト株式会社913,,,,,,,,,,,,,,,,,,,,,,,,,,,,,,,,,,,
テスト株式会社914,,,,,,,,,,,,,,,,,,,,,,,,,,,,,,,,,,,
テスト株式会社915,,,,,,,,,,,,,,,,,,,,,,,,,,,,,,,,,,,
テスト株式会社916,,,,,,,,,,,,,,,,,,,,,,,,,,,,,,,,,,,
テスト株式会社917,,,,,,,,,,,,,,,,,,,,,,,,,,,,,,,,,,,
テスト株式会社918,,,,,,,,,,,,,,,,,,,,,,,,,,,,,,,,,,,
テスト株式会社919,,,,,,,,,,,,,,,,,,,,,,,,,,,,,,,,,,,
テスト株式会社920,,,,,,,,,,,,,,,,,,,,,,,,,,,,,,,,,,,
テスト株式会社921,,,,,,,,,,,,,,,,,,,,,,,,,,,,,,,,,,,
テスト株式会社922,,,,,,,,,,,,,,,,,,,,,,,,,,,,,,,,,,,
テスト株式会社923,,,,,,,,,,,,,,,,,,,,,,,,,,,,,,,,,,,
テスト株式会社924,,,,,,,,,,,,,,,,,,,,,,,,,,,,,,,,,,,
テスト株式会社925,,,,,,,,,,,,,,,,,,,,,,,,,,,,,,,,,,,
テスト株式会社926,,,,,,,,,,,,,,,,,,,,,,,,,,,,,,,,,,,
テスト株式会社927,,,,,,,,,,,,,,,,,,,,,,,,,,,,,,,,,,,
テスト株式会社928,,,,,,,,,,,,,,,,,,,,,,,,,,,,,,,,,,,
テスト株式会社929,,,,,,,,,,,,,,,,,,,,,,,,,,,,,,,,,,,
テスト株式会社930,,,,,,,,,,,,,,,,,,,,,,,,,,,,,,,,,,,
テスト株式会社931,,,,,,,,,,,,,,,,,,,,,,,,,,,,,,,,,,,
テスト株式会社932,,,,,,,,,,,,,,,,,,,,,,,,,,,,,,,,,,,
テスト株式会社933,,,,,,,,,,,,,,,,,,,,,,,,,,,,,,,,,,,
テスト株式会社934,,,,,,,,,,,,,,,,,,,,,,,,,,,,,,,,,,,
テスト株式会社935,,,,,,,,,,,,,,,,,,,,,,,,,,,,,,,,,,,
テスト株式会社936,,,,,,,,,,,,,,,,,,,,,,,,,,,,,,,,,,,
テスト株式会社937,,,,,,,,,,,,,,,,,,,,,,,,,,,,,,,,,,,
テスト株式会社938,,,,,,,,,,,,,,,,,,,,,,,,,,,,,,,,,,,
テスト株式会社939,,,,,,,,,,,,,,,,,,,,,,,,,,,,,,,,,,,
テスト株式会社940,,,,,,,,,,,,,,,,,,,,,,,,,,,,,,,,,,,
テスト株式会社941,,,,,,,,,,,,,,,,,,,,,,,,,,,,,,,,,,,
テスト株式会社942,,,,,,,,,,,,,,,,,,,,,,,,,,,,,,,,,,,
テスト株式会社943,,,,,,,,,,,,,,,,,,,,,,,,,,,,,,,,,,,
テスト株式会社944,,,,,,,,,,,,,,,,,,,,,,,,,,,,,,,,,,,
テスト株式会社945,,,,,,,,,,,,,,,,,,,,,,,,,,,,,,,,,,,
テスト株式会社946,,,,,,,,,,,,,,,,,,,,,,,,,,,,,,,,,,,
テスト株式会社947,,,,,,,,,,,,,,,,,,,,,,,,,,,,,,,,,,,
テスト株式会社948,,,,,,,,,,,,,,,,,,,,,,,,,,,,,,,,,,,
テスト株式会社949,,,,,,,,,,,,,,,,,,,,,,,,,,,,,,,,,,,
テスト株式会社950,,,,,,,,,,,,,,,,,,,,,,,,,,,,,,,,,,,
テスト株式会社951,,,,,,,,,,,,,,,,,,,,,,,,,,,,,,,,,,,
テスト株式会社952,,,,,,,,,,,,,,,,,,,,,,,,,,,,,,,,,,,
テスト株式会社953,,,,,,,,,,,,,,,,,,,,,,,,,,,,,,,,,,,
テスト株式会社954,,,,,,,,,,,,,,,,,,,,,,,,,,,,,,,,,,,
テスト株式会社955,,,,,,,,,,,,,,,,,,,,,,,,,,,,,,,,,,,
テスト株式会社956,,,,,,,,,,,,,,,,,,,,,,,,,,,,,,,,,,,
テスト株式会社957,,,,,,,,,,,,,,,,,,,,,,,,,,,,,,,,,,,
テスト株式会社958,,,,,,,,,,,,,,,,,,,,,,,,,,,,,,,,,,,
テスト株式会社959,,,,,,,,,,,,,,,,,,,,,,,,,,,,,,,,,,,
テスト株式会社960,,,,,,,,,,,,,,,,,,,,,,,,,,,,,,,,,,,
テスト株式会社961,,,,,,,,,,,,,,,,,,,,,,,,,,,,,,,,,,,
テスト株式会社962,,,,,,,,,,,,,,,,,,,,,,,,,,,,,,,,,,,
テスト株式会社963,,,,,,,,,,,,,,,,,,,,,,,,,,,,,,,,,,,
テスト株式会社964,,,,,,,,,,,,,,,,,,,,,,,,,,,,,,,,,,,
テスト株式会社965,,,,,,,,,,,,,,,,,,,,,,,,,,,,,,,,,,,
テスト株式会社966,,,,,,,,,,,,,,,,,,,,,,,,,,,,,,,,,,,
テスト株式会社967,,,,,,,,,,,,,,,,,,,,,,,,,,,,,,,,,,,
テスト株式会社968,,,,,,,,,,,,,,,,,,,,,,,,,,,,,,,,,,,
テスト株式会社969,,,,,,,,,,,,,,,,,,,,,,,,,,,,,,,,,,,
テスト株式会社970,,,,,,,,,,,,,,,,,,,,,,,,,,,,,,,,,,,
テスト株式会社971,,,,,,,,,,,,,,,,,,,,,,,,,,,,,,,,,,,
テスト株式会社972,,,,,,,,,,,,,,,,,,,,,,,,,,,,,,,,,,,
テスト株式会社973,,,,,,,,,,,,,,,,,,,,,,,,,,,,,,,,,,,
テスト株式会社974,,,,,,,,,,,,,,,,,,,,,,,,,,,,,,,,,,,
テスト株式会社975,,,,,,,,,,,,,,,,,,,,,,,,,,,,,,,,,,,
テスト株式会社976,,,,,,,,,,,,,,,,,,,,,,,,,,,,,,,,,,,
テスト株式会社977,,,,,,,,,,,,,,,,,,,,,,,,,,,,,,,,,,,
テスト株式会社978,,,,,,,,,,,,,,,,,,,,,,,,,,,,,,,,,,,
テスト株式会社979,,,,,,,,,,,,,,,,,,,,,,,,,,,,,,,,,,,
テスト株式会社980,,,,,,,,,,,,,,,,,,,,,,,,,,,,,,,,,,,
テスト株式会社981,,,,,,,,,,,,,,,,,,,,,,,,,,,,,,,,,,,
テスト株式会社982,,,,,,,,,,,,,,,,,,,,,,,,,,,,,,,,,,,
テスト株式会社983,,,,,,,,,,,,,,,,,,,,,,,,,,,,,,,,,,,
テスト株式会社984,,,,,,,,,,,,,,,,,,,,,,,,,,,,,,,,,,,
テスト株式会社985,,,,,,,,,,,,,,,,,,,,,,,,,,,,,,,,,,,
テスト株式会社986,,,,,,,,,,,,,,,,,,,,,,,,,,,,,,,,,,,
テスト株式会社987,,,,,,,,,,,,,,,,,,,,,,,,,,,,,,,,,,,
テスト株式会社988,,,,,,,,,,,,,,,,,,,,,,,,,,,,,,,,,,,
テスト株式会社989,,,,,,,,,,,,,,,,,,,,,,,,,,,,,,,,,,,
テスト株式会社990,,,,,,,,,,,,,,,,,,,,,,,,,,,,,,,,,,,
テスト株式会社991,,,,,,,,,,,,,,,,,,,,,,,,,,,,,,,,,,,
テスト株式会社992,,,,,,,,,,,,,,,,,,,,,,,,,,,,,,,,,,,
テスト株式会社993,,,,,,,,,,,,,,,,,,,,,,,,,,,,,,,,,,,
テスト株式会社994,,,,,,,,,,,,,,,,,,,,,,,,,,,,,,,,,,,
テスト株式会社995,,,,,,,,,,,,,,,,,,,,,,,,,,,,,,,,,,,
テスト株式会社996,,,,,,,,,,,,,,,,,,,,,,,,,,,,,,,,,,,
テスト株式会社997,,,,,,,,,,,,,,,,,,,,,,,,,,,,,,,,,,,
テスト株式会社998,,,,,,,,,,,,,,,,,,,,,,,,,,,,,,,,,,,
テスト株式会社999,,,,,,,,,,,,,,,,,,,,,,,,,,,,,,,,,,,
テスト株式会社1000,,,,,,,,,,,,,,,,,,,,,,,,,,,,,,,,,,,
テスト株式会社1001,,,,,,,,,,,,,,,,,,,,,,,,,,,,,,,,,,,
テスト株式会社1002,,,,,,,,,,,,,,,,,,,,,,,,,,,,,,,,,,,
テスト株式会社1003,,,,,,,,,,,,,,,,,,,,,,,,,,,,,,,,,,,
テスト株式会社1004,,,,,,,,,,,,,,,,,,,,,,,,,,,,,,,,,,,
テスト株式会社1005,,,,,,,,,,,,,,,,,,,,,,,,,,,,,,,,,,,
テスト株式会社1006,,,,,,,,,,,,,,,,,,,,,,,,,,,,,,,,,,,
テスト株式会社1007,,,,,,,,,,,,,,,,,,,,,,,,,,,,,,,,,,,
テスト株式会社1008,,,,,,,,,,,,,,,,,,,,,,,,,,,,,,,,,,,
テスト株式会社1009,,,,,,,,,,,,,,,,,,,,,,,,,,,,,,,,,,,
テスト株式会社1010,,,,,,,,,,,,,,,,,,,,,,,,,,,,,,,,,,,
テスト株式会社1011,,,,,,,,,,,,,,,,,,,,,,,,,,,,,,,,,,,
テスト株式会社1012,,,,,,,,,,,,,,,,,,,,,,,,,,,,,,,,,,,
テスト株式会社1013,,,,,,,,,,,,,,,,,,,,,,,,,,,,,,,,,,,
テスト株式会社1014,,,,,,,,,,,,,,,,,,,,,,,,,,,,,,,,,,,
テスト株式会社1015,,,,,,,,,,,,,,,,,,,,,,,,,,,,,,,,,,,
テスト株式会社1016,,,,,,,,,,,,,,,,,,,,,,,,,,,,,,,,,,,
テスト株式会社1017,,,,,,,,,,,,,,,,,,,,,,,,,,,,,,,,,,,
テスト株式会社1018,,,,,,,,,,,,,,,,,,,,,,,,,,,,,,,,,,,
テスト株式会社1019,,,,,,,,,,,,,,,,,,,,,,,,,,,,,,,,,,,
テスト株式会社1020,,,,,,,,,,,,,,,,,,,,,,,,,,,,,,,,,,,
テスト株式会社1021,,,,,,,,,,,,,,,,,,,,,,,,,,,,,,,,,,,
テスト株式会社1022,,,,,,,,,,,,,,,,,,,,,,,,,,,,,,,,,,,
テスト株式会社1023,,,,,,,,,,,,,,,,,,,,,,,,,,,,,,,,,,,
テスト株式会社1024,,,,,,,,,,,,,,,,,,,,,,,,,,,,,,,,,,,
テスト株式会社1025,,,,,,,,,,,,,,,,,,,,,,,,,,,,,,,,,,,
テスト株式会社1026,,,,,,,,,,,,,,,,,,,,,,,,,,,,,,,,,,,
テスト株式会社1027,,,,,,,,,,,,,,,,,,,,,,,,,,,,,,,,,,,
テスト株式会社1028,,,,,,,,,,,,,,,,,,,,,,,,,,,,,,,,,,,
テスト株式会社1029,,,,,,,,,,,,,,,,,,,,,,,,,,,,,,,,,,,
テスト株式会社1030,,,,,,,,,,,,,,,,,,,,,,,,,,,,,,,,,,,
テスト株式会社1031,,,,,,,,,,,,,,,,,,,,,,,,,,,,,,,,,,,
テスト株式会社1032,,,,,,,,,,,,,,,,,,,,,,,,,,,,,,,,,,,
テスト株式会社1033,,,,,,,,,,,,,,,,,,,,,,,,,,,,,,,,,,,
テスト株式会社1034,,,,,,,,,,,,,,,,,,,,,,,,,,,,,,,,,,,
テスト株式会社1035,,,,,,,,,,,,,,,,,,,,,,,,,,,,,,,,,,,
テスト株式会社1036,,,,,,,,,,,,,,,,,,,,,,,,,,,,,,,,,,,
テスト株式会社1037,,,,,,,,,,,,,,,,,,,,,,,,,,,,,,,,,,,
テスト株式会社1038,,,,,,,,,,,,,,,,,,,,,,,,,,,,,,,,,,,
テスト株式会社1039,,,,,,,,,,,,,,,,,,,,,,,,,,,,,,,,,,,
テスト株式会社1040,,,,,,,,,,,,,,,,,,,,,,,,,,,,,,,,,,,
テスト株式会社1041,,,,,,,,,,,,,,,,,,,,,,,,,,,,,,,,,,,
テスト株式会社1042,,,,,,,,,,,,,,,,,,,,,,,,,,,,,,,,,,,
テスト株式会社1043,,,,,,,,,,,,,,,,,,,,,,,,,,,,,,,,,,,
テスト株式会社1044,,,,,,,,,,,,,,,,,,,,,,,,,,,,,,,,,,,
テスト株式会社1045,,,,,,,,,,,,,,,,,,,,,,,,,,,,,,,,,,,
テスト株式会社1046,,,,,,,,,,,,,,,,,,,,,,,,,,,,,,,,,,,
テスト株式会社1047,,,,,,,,,,,,,,,,,,,,,,,,,,,,,,,,,,,
テスト株式会社1048,,,,,,,,,,,,,,,,,,,,,,,,,,,,,,,,,,,
テスト株式会社1049,,,,,,,,,,,,,,,,,,,,,,,,,,,,,,,,,,,
テスト株式会社1050,,,,,,,,,,,,,,,,,,,,,,,,,,,,,,,,,,,
テスト株式会社1051,,,,,,,,,,,,,,,,,,,,,,,,,,,,,,,,,,,
テスト株式会社1052,,,,,,,,,,,,,,,,,,,,,,,,,,,,,,,,,,,
テスト株式会社1053,,,,,,,,,,,,,,,,,,,,,,,,,,,,,,,,,,,
テスト株式会社1054,,,,,,,,,,,,,,,,,,,,,,,,,,,,,,,,,,,
テスト株式会社1055,,,,,,,,,,,,,,,,,,,,,,,,,,,,,,,,,,,
テスト株式会社1056,,,,,,,,,,,,,,,,,,,,,,,,,,,,,,,,,,,
テスト株式会社1057,,,,,,,,,,,,,,,,,,,,,,,,,,,,,,,,,,,
テスト株式会社1058,,,,,,,,,,,,,,,,,,,,,,,,,,,,,,,,,,,
テスト株式会社1059,,,,,,,,,,,,,,,,,,,,,,,,,,,,,,,,,,,
テスト株式会社1060,,,,,,,,,,,,,,,,,,,,,,,,,,,,,,,,,,,
テスト株式会社1061,,,,,,,,,,,,,,,,,,,,,,,,,,,,,,,,,,,
テスト株式会社1062,,,,,,,,,,,,,,,,,,,,,,,,,,,,,,,,,,,
テスト株式会社1063,,,,,,,,,,,,,,,,,,,,,,,,,,,,,,,,,,,
テスト株式会社1064,,,,,,,,,,,,,,,,,,,,,,,,,,,,,,,,,,,
テスト株式会社1065,,,,,,,,,,,,,,,,,,,,,,,,,,,,,,,,,,,
テスト株式会社1066,,,,,,,,,,,,,,,,,,,,,,,,,,,,,,,,,,,
テスト株式会社1067,,,,,,,,,,,,,,,,,,,,,,,,,,,,,,,,,,,
テスト株式会社1068,,,,,,,,,,,,,,,,,,,,,,,,,,,,,,,,,,,
テスト株式会社1069,,,,,,,,,,,,,,,,,,,,,,,,,,,,,,,,,,,
テスト株式会社1070,,,,,,,,,,,,,,,,,,,,,,,,,,,,,,,,,,,
テスト株式会社1071,,,,,,,,,,,,,,,,,,,,,,,,,,,,,,,,,,,
テスト株式会社1072,,,,,,,,,,,,,,,,,,,,,,,,,,,,,,,,,,,
テスト株式会社1073,,,,,,,,,,,,,,,,,,,,,,,,,,,,,,,,,,,
テスト株式会社1074,,,,,,,,,,,,,,,,,,,,,,,,,,,,,,,,,,,
テスト株式会社1075,,,,,,,,,,,,,,,,,,,,,,,,,,,,,,,,,,,
テスト株式会社1076,,,,,,,,,,,,,,,,,,,,,,,,,,,,,,,,,,,
テスト株式会社1077,,,,,,,,,,,,,,,,,,,,,,,,,,,,,,,,,,,
テスト株式会社1078,,,,,,,,,,,,,,,,,,,,,,,,,,,,,,,,,,,
テスト株式会社1079,,,,,,,,,,,,,,,,,,,,,,,,,,,,,,,,,,,
テスト株式会社1080,,,,,,,,,,,,,,,,,,,,,,,,,,,,,,,,,,,
テスト株式会社1081,,,,,,,,,,,,,,,,,,,,,,,,,,,,,,,,,,,
テスト株式会社1082,,,,,,,,,,,,,,,,,,,,,,,,,,,,,,,,,,,
テスト株式会社1083,,,,,,,,,,,,,,,,,,,,,,,,,,,,,,,,,,,
テスト株式会社1084,,,,,,,,,,,,,,,,,,,,,,,,,,,,,,,,,,,
テスト株式会社1085,,,,,,,,,,,,,,,,,,,,,,,,,,,,,,,,,,,
テスト株式会社1086,,,,,,,,,,,,,,,,,,,,,,,,,,,,,,,,,,,
テスト株式会社1087,,,,,,,,,,,,,,,,,,,,,,,,,,,,,,,,,,,
テスト株式会社1088,,,,,,,,,,,,,,,,,,,,,,,,,,,,,,,,,,,
テスト株式会社1089,,,,,,,,,,,,,,,,,,,,,,,,,,,,,,,,,,,
テスト株式会社1090,,,,,,,,,,,,,,,,,,,,,,,,,,,,,,,,,,,
テスト株式会社1091,,,,,,,,,,,,,,,,,,,,,,,,,,,,,,,,,,,
テスト株式会社1092,,,,,,,,,,,,,,,,,,,,,,,,,,,,,,,,,,,
テスト株式会社1093,,,,,,,,,,,,,,,,,,,,,,,,,,,,,,,,,,,
テスト株式会社1094,,,,,,,,,,,,,,,,,,,,,,,,,,,,,,,,,,,
テスト株式会社1095,,,,,,,,,,,,,,,,,,,,,,,,,,,,,,,,,,,
テスト株式会社1096,,,,,,,,,,,,,,,,,,,,,,,,,,,,,,,,,,,
テスト株式会社1097,,,,,,,,,,,,,,,,,,,,,,,,,,,,,,,,,,,
テスト株式会社1098,,,,,,,,,,,,,,,,,,,,,,,,,,,,,,,,,,,
テスト株式会社1099,,,,,,,,,,,,,,,,,,,,,,,,,,,,,,,,,,,
テスト株式会社1100,,,,,,,,,,,,,,,,,,,,,,,,,,,,,,,,,,,
テスト株式会社1101,,,,,,,,,,,,,,,,,,,,,,,,,,,,,,,,,,,
テスト株式会社1102,,,,,,,,,,,,,,,,,,,,,,,,,,,,,,,,,,,
テスト株式会社1103,,,,,,,,,,,,,,,,,,,,,,,,,,,,,,,,,,,
テスト株式会社1104,,,,,,,,,,,,,,,,,,,,,,,,,,,,,,,,,,,
テスト株式会社1105,,,,,,,,,,,,,,,,,,,,,,,,,,,,,,,,,,,
テスト株式会社1106,,,,,,,,,,,,,,,,,,,,,,,,,,,,,,,,,,,
テスト株式会社1107,,,,,,,,,,,,,,,,,,,,,,,,,,,,,,,,,,,
テスト株式会社1108,,,,,,,,,,,,,,,,,,,,,,,,,,,,,,,,,,,
テスト株式会社1109,,,,,,,,,,,,,,,,,,,,,,,,,,,,,,,,,,,
テスト株式会社1110,,,,,,,,,,,,,,,,,,,,,,,,,,,,,,,,,,,
テスト株式会社1111,,,,,,,,,,,,,,,,,,,,,,,,,,,,,,,,,,,
テスト株式会社1112,,,,,,,,,,,,,,,,,,,,,,,,,,,,,,,,,,,
テスト株式会社1113,,,,,,,,,,,,,,,,,,,,,,,,,,,,,,,,,,,
テスト株式会社1114,,,,,,,,,,,,,,,,,,,,,,,,,,,,,,,,,,,
テスト株式会社1115,,,,,,,,,,,,,,,,,,,,,,,,,,,,,,,,,,,
テスト株式会社1116,,,,,,,,,,,,,,,,,,,,,,,,,,,,,,,,,,,
テスト株式会社1117,,,,,,,,,,,,,,,,,,,,,,,,,,,,,,,,,,,
テスト株式会社1118,,,,,,,,,,,,,,,,,,,,,,,,,,,,,,,,,,,
テスト株式会社1119,,,,,,,,,,,,,,,,,,,,,,,,,,,,,,,,,,,
テスト株式会社1120,,,,,,,,,,,,,,,,,,,,,,,,,,,,,,,,,,,
テスト株式会社1121,,,,,,,,,,,,,,,,,,,,,,,,,,,,,,,,,,,
テスト株式会社1122,,,,,,,,,,,,,,,,,,,,,,,,,,,,,,,,,,,
テスト株式会社1123,,,,,,,,,,,,,,,,,,,,,,,,,,,,,,,,,,,
テスト株式会社1124,,,,,,,,,,,,,,,,,,,,,,,,,,,,,,,,,,,
テスト株式会社1125,,,,,,,,,,,,,,,,,,,,,,,,,,,,,,,,,,,
テスト株式会社1126,,,,,,,,,,,,,,,,,,,,,,,,,,,,,,,,,,,
テスト株式会社1127,,,,,,,,,,,,,,,,,,,,,,,,,,,,,,,,,,,
テスト株式会社1128,,,,,,,,,,,,,,,,,,,,,,,,,,,,,,,,,,,
テスト株式会社1129,,,,,,,,,,,,,,,,,,,,,,,,,,,,,,,,,,,
テスト株式会社1130,,,,,,,,,,,,,,,,,,,,,,,,,,,,,,,,,,,
テスト株式会社1131,,,,,,,,,,,,,,,,,,,,,,,,,,,,,,,,,,,
テスト株式会社1132,,,,,,,,,,,,,,,,,,,,,,,,,,,,,,,,,,,
テスト株式会社1133,,,,,,,,,,,,,,,,,,,,,,,,,,,,,,,,,,,
テスト株式会社1134,,,,,,,,,,,,,,,,,,,,,,,,,,,,,,,,,,,
テスト株式会社1135,,,,,,,,,,,,,,,,,,,,,,,,,,,,,,,,,,,
テスト株式会社1136,,,,,,,,,,,,,,,,,,,,,,,,,,,,,,,,,,,
テスト株式会社1137,,,,,,,,,,,,,,,,,,,,,,,,,,,,,,,,,,,
テスト株式会社1138,,,,,,,,,,,,,,,,,,,,,,,,,,,,,,,,,,,
テスト株式会社1139,,,,,,,,,,,,,,,,,,,,,,,,,,,,,,,,,,,
テスト株式会社1140,,,,,,,,,,,,,,,,,,,,,,,,,,,,,,,,,,,
テスト株式会社1141,,,,,,,,,,,,,,,,,,,,,,,,,,,,,,,,,,,
テスト株式会社1142,,,,,,,,,,,,,,,,,,,,,,,,,,,,,,,,,,,
テスト株式会社1143,,,,,,,,,,,,,,,,,,,,,,,,,,,,,,,,,,,
テスト株式会社1144,,,,,,,,,,,,,,,,,,,,,,,,,,,,,,,,,,,
テスト株式会社1145,,,,,,,,,,,,,,,,,,,,,,,,,,,,,,,,,,,
テスト株式会社1146,,,,,,,,,,,,,,,,,,,,,,,,,,,,,,,,,,,
テスト株式会社1147,,,,,,,,,,,,,,,,,,,,,,,,,,,,,,,,,,,
テスト株式会社1148,,,,,,,,,,,,,,,,,,,,,,,,,,,,,,,,,,,
テスト株式会社1149,,,,,,,,,,,,,,,,,,,,,,,,,,,,,,,,,,,
テスト株式会社1150,,,,,,,,,,,,,,,,,,,,,,,,,,,,,,,,,,,
テスト株式会社1151,,,,,,,,,,,,,,,,,,,,,,,,,,,,,,,,,,,
テスト株式会社1152,,,,,,,,,,,,,,,,,,,,,,,,,,,,,,,,,,,
テスト株式会社1153,,,,,,,,,,,,,,,,,,,,,,,,,,,,,,,,,,,
テスト株式会社1154,,,,,,,,,,,,,,,,,,,,,,,,,,,,,,,,,,,
テスト株式会社1155,,,,,,,,,,,,,,,,,,,,,,,,,,,,,,,,,,,
テスト株式会社1156,,,,,,,,,,,,,,,,,,,,,,,,,,,,,,,,,,,
テスト株式会社1157,,,,,,,,,,,,,,,,,,,,,,,,,,,,,,,,,,,
テスト株式会社1158,,,,,,,,,,,,,,,,,,,,,,,,,,,,,,,,,,,
テスト株式会社1159,,,,,,,,,,,,,,,,,,,,,,,,,,,,,,,,,,,
テスト株式会社1160,,,,,,,,,,,,,,,,,,,,,,,,,,,,,,,,,,,
テスト株式会社1161,,,,,,,,,,,,,,,,,,,,,,,,,,,,,,,,,,,
テスト株式会社1162,,,,,,,,,,,,,,,,,,,,,,,,,,,,,,,,,,,
テスト株式会社1163,,,,,,,,,,,,,,,,,,,,,,,,,,,,,,,,,,,
テスト株式会社1164,,,,,,,,,,,,,,,,,,,,,,,,,,,,,,,,,,,
テスト株式会社1165,,,,,,,,,,,,,,,,,,,,,,,,,,,,,,,,,,,
テスト株式会社1166,,,,,,,,,,,,,,,,,,,,,,,,,,,,,,,,,,,
テスト株式会社1167,,,,,,,,,,,,,,,,,,,,,,,,,,,,,,,,,,,
テスト株式会社1168,,,,,,,,,,,,,,,,,,,,,,,,,,,,,,,,,,,
テスト株式会社1169,,,,,,,,,,,,,,,,,,,,,,,,,,,,,,,,,,,
テスト株式会社1170,,,,,,,,,,,,,,,,,,,,,,,,,,,,,,,,,,,
テスト株式会社1171,,,,,,,,,,,,,,,,,,,,,,,,,,,,,,,,,,,
テスト株式会社1172,,,,,,,,,,,,,,,,,,,,,,,,,,,,,,,,,,,
テスト株式会社1173,,,,,,,,,,,,,,,,,,,,,,,,,,,,,,,,,,,
テスト株式会社1174,,,,,,,,,,,,,,,,,,,,,,,,,,,,,,,,,,,
テスト株式会社1175,,,,,,,,,,,,,,,,,,,,,,,,,,,,,,,,,,,
テスト株式会社1176,,,,,,,,,,,,,,,,,,,,,,,,,,,,,,,,,,,
テスト株式会社1177,,,,,,,,,,,,,,,,,,,,,,,,,,,,,,,,,,,
テスト株式会社1178,,,,,,,,,,,,,,,,,,,,,,,,,,,,,,,,,,,
テスト株式会社1179,,,,,,,,,,,,,,,,,,,,,,,,,,,,,,,,,,,
テスト株式会社1180,,,,,,,,,,,,,,,,,,,,,,,,,,,,,,,,,,,
テスト株式会社1181,,,,,,,,,,,,,,,,,,,,,,,,,,,,,,,,,,,
テスト株式会社1182,,,,,,,,,,,,,,,,,,,,,,,,,,,,,,,,,,,
テスト株式会社1183,,,,,,,,,,,,,,,,,,,,,,,,,,,,,,,,,,,
テスト株式会社1184,,,,,,,,,,,,,,,,,,,,,,,,,,,,,,,,,,,
テスト株式会社1185,,,,,,,,,,,,,,,,,,,,,,,,,,,,,,,,,,,
テスト株式会社1186,,,,,,,,,,,,,,,,,,,,,,,,,,,,,,,,,,,
テスト株式会社1187,,,,,,,,,,,,,,,,,,,,,,,,,,,,,,,,,,,
テスト株式会社1188,,,,,,,,,,,,,,,,,,,,,,,,,,,,,,,,,,,
テスト株式会社1189,,,,,,,,,,,,,,,,,,,,,,,,,,,,,,,,,,,
テスト株式会社1190,,,,,,,,,,,,,,,,,,,,,,,,,,,,,,,,,,,
テスト株式会社1191,,,,,,,,,,,,,,,,,,,,,,,,,,,,,,,,,,,
テスト株式会社1192,,,,,,,,,,,,,,,,,,,,,,,,,,,,,,,,,,,
テスト株式会社1193,,,,,,,,,,,,,,,,,,,,,,,,,,,,,,,,,,,
テスト株式会社1194,,,,,,,,,,,,,,,,,,,,,,,,,,,,,,,,,,,
テスト株式会社1195,,,,,,,,,,,,,,,,,,,,,,,,,,,,,,,,,,,
テスト株式会社1196,,,,,,,,,,,,,,,,,,,,,,,,,,,,,,,,,,,
テスト株式会社1197,,,,,,,,,,,,,,,,,,,,,,,,,,,,,,,,,,,
テスト株式会社1198,,,,,,,,,,,,,,,,,,,,,,,,,,,,,,,,,,,
テスト株式会社1199,,,,,,,,,,,,,,,,,,,,,,,,,,,,,,,,,,,
テスト株式会社1200,,,,,,,,,,,,,,,,,,,,,,,,,,,,,,,,,,,
テスト株式会社1201,,,,,,,,,,,,,,,,,,,,,,,,,,,,,,,,,,,
テスト株式会社1202,,,,,,,,,,,,,,,,,,,,,,,,,,,,,,,,,,,
テスト株式会社1203,,,,,,,,,,,,,,,,,,,,,,,,,,,,,,,,,,,
テスト株式会社1204,,,,,,,,,,,,,,,,,,,,,,,,,,,,,,,,,,,
テスト株式会社1205,,,,,,,,,,,,,,,,,,,,,,,,,,,,,,,,,,,
テスト株式会社1206,,,,,,,,,,,,,,,,,,,,,,,,,,,,,,,,,,,
テスト株式会社1207,,,,,,,,,,,,,,,,,,,,,,,,,,,,,,,,,,,
テスト株式会社1208,,,,,,,,,,,,,,,,,,,,,,,,,,,,,,,,,,,
テスト株式会社1209,,,,,,,,,,,,,,,,,,,,,,,,,,,,,,,,,,,
テスト株式会社1210,,,,,,,,,,,,,,,,,,,,,,,,,,,,,,,,,,,
テスト株式会社1211,,,,,,,,,,,,,,,,,,,,,,,,,,,,,,,,,,,
テスト株式会社1212,,,,,,,,,,,,,,,,,,,,,,,,,,,,,,,,,,,
テスト株式会社1213,,,,,,,,,,,,,,,,,,,,,,,,,,,,,,,,,,,
テスト株式会社1214,,,,,,,,,,,,,,,,,,,,,,,,,,,,,,,,,,,
テスト株式会社1215,,,,,,,,,,,,,,,,,,,,,,,,,,,,,,,,,,,
テスト株式会社1216,,,,,,,,,,,,,,,,,,,,,,,,,,,,,,,,,,,
テスト株式会社1217,,,,,,,,,,,,,,,,,,,,,,,,,,,,,,,,,,,
テスト株式会社1218,,,,,,,,,,,,,,,,,,,,,,,,,,,,,,,,,,,
テスト株式会社1219,,,,,,,,,,,,,,,,,,,,,,,,,,,,,,,,,,,
テスト株式会社1220,,,,,,,,,,,,,,,,,,,,,,,,,,,,,,,,,,,
テスト株式会社1221,,,,,,,,,,,,,,,,,,,,,,,,,,,,,,,,,,,
テスト株式会社1222,,,,,,,,,,,,,,,,,,,,,,,,,,,,,,,,,,,
テスト株式会社1223,,,,,,,,,,,,,,,,,,,,,,,,,,,,,,,,,,,
テスト株式会社1224,,,,,,,,,,,,,,,,,,,,,,,,,,,,,,,,,,,
テスト株式会社1225,,,,,,,,,,,,,,,,,,,,,,,,,,,,,,,,,,,
テスト株式会社1226,,,,,,,,,,,,,,,,,,,,,,,,,,,,,,,,,,,
テスト株式会社1227,,,,,,,,,,,,,,,,,,,,,,,,,,,,,,,,,,,
テスト株式会社1228,,,,,,,,,,,,,,,,,,,,,,,,,,,,,,,,,,,
テスト株式会社1229,,,,,,,,,,,,,,,,,,,,,,,,,,,,,,,,,,,
テスト株式会社1230,,,,,,,,,,,,,,,,,,,,,,,,,,,,,,,,,,,
テスト株式会社1231,,,,,,,,,,,,,,,,,,,,,,,,,,,,,,,,,,,
テスト株式会社1232,,,,,,,,,,,,,,,,,,,,,,,,,,,,,,,,,,,
テスト株式会社1233,,,,,,,,,,,,,,,,,,,,,,,,,,,,,,,,,,,
テスト株式会社1234,,,,,,,,,,,,,,,,,,,,,,,,,,,,,,,,,,,
テスト株式会社1235,,,,,,,,,,,,,,,,,,,,,,,,,,,,,,,,,,,
テスト株式会社1236,,,,,,,,,,,,,,,,,,,,,,,,,,,,,,,,,,,
テスト株式会社1237,,,,,,,,,,,,,,,,,,,,,,,,,,,,,,,,,,,
テスト株式会社1238,,,,,,,,,,,,,,,,,,,,,,,,,,,,,,,,,,,
テスト株式会社1239,,,,,,,,,,,,,,,,,,,,,,,,,,,,,,,,,,,
テスト株式会社1240,,,,,,,,,,,,,,,,,,,,,,,,,,,,,,,,,,,
テスト株式会社1241,,,,,,,,,,,,,,,,,,,,,,,,,,,,,,,,,,,
テスト株式会社1242,,,,,,,,,,,,,,,,,,,,,,,,,,,,,,,,,,,
テスト株式会社1243,,,,,,,,,,,,,,,,,,,,,,,,,,,,,,,,,,,
テスト株式会社1244,,,,,,,,,,,,,,,,,,,,,,,,,,,,,,,,,,,
テスト株式会社1245,,,,,,,,,,,,,,,,,,,,,,,,,,,,,,,,,,,
テスト株式会社1246,,,,,,,,,,,,,,,,,,,,,,,,,,,,,,,,,,,
テスト株式会社1247,,,,,,,,,,,,,,,,,,,,,,,,,,,,,,,,,,,
テスト株式会社1248,,,,,,,,,,,,,,,,,,,,,,,,,,,,,,,,,,,
テスト株式会社1249,,,,,,,,,,,,,,,,,,,,,,,,,,,,,,,,,,,
テスト株式会社1250,,,,,,,,,,,,,,,,,,,,,,,,,,,,,,,,,,,
テスト株式会社1251,,,,,,,,,,,,,,,,,,,,,,,,,,,,,,,,,,,
テスト株式会社1252,,,,,,,,,,,,,,,,,,,,,,,,,,,,,,,,,,,
テスト株式会社1253,,,,,,,,,,,,,,,,,,,,,,,,,,,,,,,,,,,
テスト株式会社1254,,,,,,,,,,,,,,,,,,,,,,,,,,,,,,,,,,,
テスト株式会社1255,,,,,,,,,,,,,,,,,,,,,,,,,,,,,,,,,,,
テスト株式会社1256,,,,,,,,,,,,,,,,,,,,,,,,,,,,,,,,,,,
テスト株式会社1257,,,,,,,,,,,,,,,,,,,,,,,,,,,,,,,,,,,
テスト株式会社1258,,,,,,,,,,,,,,,,,,,,,,,,,,,,,,,,,,,
テスト株式会社1259,,,,,,,,,,,,,,,,,,,,,,,,,,,,,,,,,,,
テスト株式会社1260,,,,,,,,,,,,,,,,,,,,,,,,,,,,,,,,,,,
テスト株式会社1261,,,,,,,,,,,,,,,,,,,,,,,,,,,,,,,,,,,
テスト株式会社1262,,,,,,,,,,,,,,,,,,,,,,,,,,,,,,,,,,,
テスト株式会社1263,,,,,,,,,,,,,,,,,,,,,,,,,,,,,,,,,,,
テスト株式会社1264,,,,,,,,,,,,,,,,,,,,,,,,,,,,,,,,,,,
テスト株式会社1265,,,,,,,,,,,,,,,,,,,,,,,,,,,,,,,,,,,
テスト株式会社1266,,,,,,,,,,,,,,,,,,,,,,,,,,,,,,,,,,,
テスト株式会社1267,,,,,,,,,,,,,,,,,,,,,,,,,,,,,,,,,,,
テスト株式会社1268,,,,,,,,,,,,,,,,,,,,,,,,,,,,,,,,,,,
テスト株式会社1269,,,,,,,,,,,,,,,,,,,,,,,,,,,,,,,,,,,
テスト株式会社1270,,,,,,,,,,,,,,,,,,,,,,,,,,,,,,,,,,,
テスト株式会社1271,,,,,,,,,,,,,,,,,,,,,,,,,,,,,,,,,,,
テスト株式会社1272,,,,,,,,,,,,,,,,,,,,,,,,,,,,,,,,,,,
テスト株式会社1273,,,,,,,,,,,,,,,,,,,,,,,,,,,,,,,,,,,
テスト株式会社1274,,,,,,,,,,,,,,,,,,,,,,,,,,,,,,,,,,,
テスト株式会社1275,,,,,,,,,,,,,,,,,,,,,,,,,,,,,,,,,,,
テスト株式会社1276,,,,,,,,,,,,,,,,,,,,,,,,,,,,,,,,,,,
テスト株式会社1277,,,,,,,,,,,,,,,,,,,,,,,,,,,,,,,,,,,
テスト株式会社1278,,,,,,,,,,,,,,,,,,,,,,,,,,,,,,,,,,,
テスト株式会社1279,,,,,,,,,,,,,,,,,,,,,,,,,,,,,,,,,,,
テスト株式会社1280,,,,,,,,,,,,,,,,,,,,,,,,,,,,,,,,,,,
テスト株式会社1281,,,,,,,,,,,,,,,,,,,,,,,,,,,,,,,,,,,
テスト株式会社1282,,,,,,,,,,,,,,,,,,,,,,,,,,,,,,,,,,,
テスト株式会社1283,,,,,,,,,,,,,,,,,,,,,,,,,,,,,,,,,,,
テスト株式会社1284,,,,,,,,,,,,,,,,,,,,,,,,,,,,,,,,,,,
テスト株式会社1285,,,,,,,,,,,,,,,,,,,,,,,,,,,,,,,,,,,
テスト株式会社1286,,,,,,,,,,,,,,,,,,,,,,,,,,,,,,,,,,,
テスト株式会社1287,,,,,,,,,,,,,,,,,,,,,,,,,,,,,,,,,,,
テスト株式会社1288,,,,,,,,,,,,,,,,,,,,,,,,,,,,,,,,,,,
テスト株式会社1289,,,,,,,,,,,,,,,,,,,,,,,,,,,,,,,,,,,
テスト株式会社1290,,,,,,,,,,,,,,,,,,,,,,,,,,,,,,,,,,,
テスト株式会社1291,,,,,,,,,,,,,,,,,,,,,,,,,,,,,,,,,,,
テスト株式会社1292,,,,,,,,,,,,,,,,,,,,,,,,,,,,,,,,,,,
テスト株式会社1293,,,,,,,,,,,,,,,,,,,,,,,,,,,,,,,,,,,
テスト株式会社1294,,,,,,,,,,,,,,,,,,,,,,,,,,,,,,,,,,,
テスト株式会社1295,,,,,,,,,,,,,,,,,,,,,,,,,,,,,,,,,,,
テスト株式会社1296,,,,,,,,,,,,,,,,,,,,,,,,,,,,,,,,,,,
テスト株式会社1297,,,,,,,,,,,,,,,,,,,,,,,,,,,,,,,,,,,
テスト株式会社1298,,,,,,,,,,,,,,,,,,,,,,,,,,,,,,,,,,,
テスト株式会社1299,,,,,,,,,,,,,,,,,,,,,,,,,,,,,,,,,,,
テスト株式会社1300,,,,,,,,,,,,,,,,,,,,,,,,,,,,,,,,,,,
テスト株式会社1301,,,,,,,,,,,,,,,,,,,,,,,,,,,,,,,,,,,
テスト株式会社1302,,,,,,,,,,,,,,,,,,,,,,,,,,,,,,,,,,,
テスト株式会社1303,,,,,,,,,,,,,,,,,,,,,,,,,,,,,,,,,,,
テスト株式会社1304,,,,,,,,,,,,,,,,,,,,,,,,,,,,,,,,,,,
テスト株式会社1305,,,,,,,,,,,,,,,,,,,,,,,,,,,,,,,,,,,
テスト株式会社1306,,,,,,,,,,,,,,,,,,,,,,,,,,,,,,,,,,,
テスト株式会社1307,,,,,,,,,,,,,,,,,,,,,,,,,,,,,,,,,,,
テスト株式会社1308,,,,,,,,,,,,,,,,,,,,,,,,,,,,,,,,,,,
テスト株式会社1309,,,,,,,,,,,,,,,,,,,,,,,,,,,,,,,,,,,
テスト株式会社1310,,,,,,,,,,,,,,,,,,,,,,,,,,,,,,,,,,,
テスト株式会社1311,,,,,,,,,,,,,,,,,,,,,,,,,,,,,,,,,,,
テスト株式会社1312,,,,,,,,,,,,,,,,,,,,,,,,,,,,,,,,,,,
テスト株式会社1313,,,,,,,,,,,,,,,,,,,,,,,,,,,,,,,,,,,
テスト株式会社1314,,,,,,,,,,,,,,,,,,,,,,,,,,,,,,,,,,,
テスト株式会社1315,,,,,,,,,,,,,,,,,,,,,,,,,,,,,,,,,,,
テスト株式会社1316,,,,,,,,,,,,,,,,,,,,,,,,,,,,,,,,,,,
テスト株式会社1317,,,,,,,,,,,,,,,,,,,,,,,,,,,,,,,,,,,
テスト株式会社1318,,,,,,,,,,,,,,,,,,,,,,,,,,,,,,,,,,,
テスト株式会社1319,,,,,,,,,,,,,,,,,,,,,,,,,,,,,,,,,,,
テスト株式会社1320,,,,,,,,,,,,,,,,,,,,,,,,,,,,,,,,,,,
テスト株式会社1321,,,,,,,,,,,,,,,,,,,,,,,,,,,,,,,,,,,
テスト株式会社1322,,,,,,,,,,,,,,,,,,,,,,,,,,,,,,,,,,,
テスト株式会社1323,,,,,,,,,,,,,,,,,,,,,,,,,,,,,,,,,,,
テスト株式会社1324,,,,,,,,,,,,,,,,,,,,,,,,,,,,,,,,,,,
テスト株式会社1325,,,,,,,,,,,,,,,,,,,,,,,,,,,,,,,,,,,
テスト株式会社1326,,,,,,,,,,,,,,,,,,,,,,,,,,,,,,,,,,,
テスト株式会社1327,,,,,,,,,,,,,,,,,,,,,,,,,,,,,,,,,,,
テスト株式会社1328,,,,,,,,,,,,,,,,,,,,,,,,,,,,,,,,,,,
テスト株式会社1329,,,,,,,,,,,,,,,,,,,,,,,,,,,,,,,,,,,
テスト株式会社1330,,,,,,,,,,,,,,,,,,,,,,,,,,,,,,,,,,,
テスト株式会社1331,,,,,,,,,,,,,,,,,,,,,,,,,,,,,,,,,,,
テスト株式会社1332,,,,,,,,,,,,,,,,,,,,,,,,,,,,,,,,,,,
テスト株式会社1333,,,,,,,,,,,,,,,,,,,,,,,,,,,,,,,,,,,
テスト株式会社1334,,,,,,,,,,,,,,,,,,,,,,,,,,,,,,,,,,,
テスト株式会社1335,,,,,,,,,,,,,,,,,,,,,,,,,,,,,,,,,,,
テスト株式会社1336,,,,,,,,,,,,,,,,,,,,,,,,,,,,,,,,,,,
テスト株式会社1337,,,,,,,,,,,,,,,,,,,,,,,,,,,,,,,,,,,
テスト株式会社1338,,,,,,,,,,,,,,,,,,,,,,,,,,,,,,,,,,,
テスト株式会社1339,,,,,,,,,,,,,,,,,,,,,,,,,,,,,,,,,,,
テスト株式会社1340,,,,,,,,,,,,,,,,,,,,,,,,,,,,,,,,,,,
テスト株式会社1341,,,,,,,,,,,,,,,,,,,,,,,,,,,,,,,,,,,
テスト株式会社1342,,,,,,,,,,,,,,,,,,,,,,,,,,,,,,,,,,,
テスト株式会社1343,,,,,,,,,,,,,,,,,,,,,,,,,,,,,,,,,,,
テスト株式会社1344,,,,,,,,,,,,,,,,,,,,,,,,,,,,,,,,,,,
テスト株式会社1345,,,,,,,,,,,,,,,,,,,,,,,,,,,,,,,,,,,
テスト株式会社1346,,,,,,,,,,,,,,,,,,,,,,,,,,,,,,,,,,,
テスト株式会社1347,,,,,,,,,,,,,,,,,,,,,,,,,,,,,,,,,,,
テスト株式会社1348,,,,,,,,,,,,,,,,,,,,,,,,,,,,,,,,,,,
テスト株式会社1349,,,,,,,,,,,,,,,,,,,,,,,,,,,,,,,,,,,
テスト株式会社1350,,,,,,,,,,,,,,,,,,,,,,,,,,,,,,,,,,,
テスト株式会社1351,,,,,,,,,,,,,,,,,,,,,,,,,,,,,,,,,,,
テスト株式会社1352,,,,,,,,,,,,,,,,,,,,,,,,,,,,,,,,,,,
テスト株式会社1353,,,,,,,,,,,,,,,,,,,,,,,,,,,,,,,,,,,
テスト株式会社1354,,,,,,,,,,,,,,,,,,,,,,,,,,,,,,,,,,,
テスト株式会社1355,,,,,,,,,,,,,,,,,,,,,,,,,,,,,,,,,,,
テスト株式会社1356,,,,,,,,,,,,,,,,,,,,,,,,,,,,,,,,,,,
テスト株式会社1357,,,,,,,,,,,,,,,,,,,,,,,,,,,,,,,,,,,
テスト株式会社1358,,,,,,,,,,,,,,,,,,,,,,,,,,,,,,,,,,,
テスト株式会社1359,,,,,,,,,,,,,,,,,,,,,,,,,,,,,,,,,,,
テスト株式会社1360,,,,,,,,,,,,,,,,,,,,,,,,,,,,,,,,,,,
テスト株式会社1361,,,,,,,,,,,,,,,,,,,,,,,,,,,,,,,,,,,
テスト株式会社1362,,,,,,,,,,,,,,,,,,,,,,,,,,,,,,,,,,,
テスト株式会社1363,,,,,,,,,,,,,,,,,,,,,,,,,,,,,,,,,,,
テスト株式会社1364,,,,,,,,,,,,,,,,,,,,,,,,,,,,,,,,,,,
テスト株式会社1365,,,,,,,,,,,,,,,,,,,,,,,,,,,,,,,,,,,
テスト株式会社1366,,,,,,,,,,,,,,,,,,,,,,,,,,,,,,,,,,,
テスト株式会社1367,,,,,,,,,,,,,,,,,,,,,,,,,,,,,,,,,,,
テスト株式会社1368,,,,,,,,,,,,,,,,,,,,,,,,,,,,,,,,,,,
テスト株式会社1369,,,,,,,,,,,,,,,,,,,,,,,,,,,,,,,,,,,
テスト株式会社1370,,,,,,,,,,,,,,,,,,,,,,,,,,,,,,,,,,,
テスト株式会社1371,,,,,,,,,,,,,,,,,,,,,,,,,,,,,,,,,,,
テスト株式会社1372,,,,,,,,,,,,,,,,,,,,,,,,,,,,,,,,,,,
テスト株式会社1373,,,,,,,,,,,,,,,,,,,,,,,,,,,,,,,,,,,
テスト株式会社1374,,,,,,,,,,,,,,,,,,,,,,,,,,,,,,,,,,,
テスト株式会社1375,,,,,,,,,,,,,,,,,,,,,,,,,,,,,,,,,,,
テスト株式会社1376,,,,,,,,,,,,,,,,,,,,,,,,,,,,,,,,,,,
テスト株式会社1377,,,,,,,,,,,,,,,,,,,,,,,,,,,,,,,,,,,
テスト株式会社1378,,,,,,,,,,,,,,,,,,,,,,,,,,,,,,,,,,,
テスト株式会社1379,,,,,,,,,,,,,,,,,,,,,,,,,,,,,,,,,,,
テスト株式会社1380,,,,,,,,,,,,,,,,,,,,,,,,,,,,,,,,,,,
テスト株式会社1381,,,,,,,,,,,,,,,,,,,,,,,,,,,,,,,,,,,
テスト株式会社1382,,,,,,,,,,,,,,,,,,,,,,,,,,,,,,,,,,,
テスト株式会社1383,,,,,,,,,,,,,,,,,,,,,,,,,,,,,,,,,,,
テスト株式会社1384,,,,,,,,,,,,,,,,,,,,,,,,,,,,,,,,,,,
テスト株式会社1385,,,,,,,,,,,,,,,,,,,,,,,,,,,,,,,,,,,
テスト株式会社1386,,,,,,,,,,,,,,,,,,,,,,,,,,,,,,,,,,,
テスト株式会社1387,,,,,,,,,,,,,,,,,,,,,,,,,,,,,,,,,,,
テスト株式会社1388,,,,,,,,,,,,,,,,,,,,,,,,,,,,,,,,,,,
テスト株式会社1389,,,,,,,,,,,,,,,,,,,,,,,,,,,,,,,,,,,
テスト株式会社1390,,,,,,,,,,,,,,,,,,,,,,,,,,,,,,,,,,,
テスト株式会社1391,,,,,,,,,,,,,,,,,,,,,,,,,,,,,,,,,,,
テスト株式会社1392,,,,,,,,,,,,,,,,,,,,,,,,,,,,,,,,,,,
テスト株式会社1393,,,,,,,,,,,,,,,,,,,,,,,,,,,,,,,,,,,
テスト株式会社1394,,,,,,,,,,,,,,,,,,,,,,,,,,,,,,,,,,,
テスト株式会社1395,,,,,,,,,,,,,,,,,,,,,,,,,,,,,,,,,,,
テスト株式会社1396,,,,,,,,,,,,,,,,,,,,,,,,,,,,,,,,,,,
テスト株式会社1397,,,,,,,,,,,,,,,,,,,,,,,,,,,,,,,,,,,
テスト株式会社1398,,,,,,,,,,,,,,,,,,,,,,,,,,,,,,,,,,,
テスト株式会社1399,,,,,,,,,,,,,,,,,,,,,,,,,,,,,,,,,,,
テスト株式会社1400,,,,,,,,,,,,,,,,,,,,,,,,,,,,,,,,,,,
テスト株式会社1401,,,,,,,,,,,,,,,,,,,,,,,,,,,,,,,,,,,
テスト株式会社1402,,,,,,,,,,,,,,,,,,,,,,,,,,,,,,,,,,,
テスト株式会社1403,,,,,,,,,,,,,,,,,,,,,,,,,,,,,,,,,,,
テスト株式会社1404,,,,,,,,,,,,,,,,,,,,,,,,,,,,,,,,,,,
テスト株式会社1405,,,,,,,,,,,,,,,,,,,,,,,,,,,,,,,,,,,
テスト株式会社1406,,,,,,,,,,,,,,,,,,,,,,,,,,,,,,,,,,,
テスト株式会社1407,,,,,,,,,,,,,,,,,,,,,,,,,,,,,,,,,,,
テスト株式会社1408,,,,,,,,,,,,,,,,,,,,,,,,,,,,,,,,,,,
テスト株式会社1409,,,,,,,,,,,,,,,,,,,,,,,,,,,,,,,,,,,
テスト株式会社1410,,,,,,,,,,,,,,,,,,,,,,,,,,,,,,,,,,,
テスト株式会社1411,,,,,,,,,,,,,,,,,,,,,,,,,,,,,,,,,,,
テスト株式会社1412,,,,,,,,,,,,,,,,,,,,,,,,,,,,,,,,,,,
テスト株式会社1413,,,,,,,,,,,,,,,,,,,,,,,,,,,,,,,,,,,
テスト株式会社1414,,,,,,,,,,,,,,,,,,,,,,,,,,,,,,,,,,,
テスト株式会社1415,,,,,,,,,,,,,,,,,,,,,,,,,,,,,,,,,,,
テスト株式会社1416,,,,,,,,,,,,,,,,,,,,,,,,,,,,,,,,,,,
テスト株式会社1417,,,,,,,,,,,,,,,,,,,,,,,,,,,,,,,,,,,
テスト株式会社1418,,,,,,,,,,,,,,,,,,,,,,,,,,,,,,,,,,,
テスト株式会社1419,,,,,,,,,,,,,,,,,,,,,,,,,,,,,,,,,,,
テスト株式会社1420,,,,,,,,,,,,,,,,,,,,,,,,,,,,,,,,,,,
テスト株式会社1421,,,,,,,,,,,,,,,,,,,,,,,,,,,,,,,,,,,
テスト株式会社1422,,,,,,,,,,,,,,,,,,,,,,,,,,,,,,,,,,,
テスト株式会社1423,,,,,,,,,,,,,,,,,,,,,,,,,,,,,,,,,,,
テスト株式会社1424,,,,,,,,,,,,,,,,,,,,,,,,,,,,,,,,,,,
テスト株式会社1425,,,,,,,,,,,,,,,,,,,,,,,,,,,,,,,,,,,
テスト株式会社1426,,,,,,,,,,,,,,,,,,,,,,,,,,,,,,,,,,,
テスト株式会社1427,,,,,,,,,,,,,,,,,,,,,,,,,,,,,,,,,,,
テスト株式会社1428,,,,,,,,,,,,,,,,,,,,,,,,,,,,,,,,,,,
テスト株式会社1429,,,,,,,,,,,,,,,,,,,,,,,,,,,,,,,,,,,
テスト株式会社1430,,,,,,,,,,,,,,,,,,,,,,,,,,,,,,,,,,,
テスト株式会社1431,,,,,,,,,,,,,,,,,,,,,,,,,,,,,,,,,,,
テスト株式会社1432,,,,,,,,,,,,,,,,,,,,,,,,,,,,,,,,,,,
テスト株式会社1433,,,,,,,,,,,,,,,,,,,,,,,,,,,,,,,,,,,
テスト株式会社1434,,,,,,,,,,,,,,,,,,,,,,,,,,,,,,,,,,,
テスト株式会社1435,,,,,,,,,,,,,,,,,,,,,,,,,,,,,,,,,,,
テスト株式会社1436,,,,,,,,,,,,,,,,,,,,,,,,,,,,,,,,,,,
テスト株式会社1437,,,,,,,,,,,,,,,,,,,,,,,,,,,,,,,,,,,
テスト株式会社1438,,,,,,,,,,,,,,,,,,,,,,,,,,,,,,,,,,,
テスト株式会社1439,,,,,,,,,,,,,,,,,,,,,,,,,,,,,,,,,,,
テスト株式会社1440,,,,,,,,,,,,,,,,,,,,,,,,,,,,,,,,,,,
テスト株式会社1441,,,,,,,,,,,,,,,,,,,,,,,,,,,,,,,,,,,
テスト株式会社1442,,,,,,,,,,,,,,,,,,,,,,,,,,,,,,,,,,,
テスト株式会社1443,,,,,,,,,,,,,,,,,,,,,,,,,,,,,,,,,,,
テスト株式会社1444,,,,,,,,,,,,,,,,,,,,,,,,,,,,,,,,,,,
テスト株式会社1445,,,,,,,,,,,,,,,,,,,,,,,,,,,,,,,,,,,
テスト株式会社1446,,,,,,,,,,,,,,,,,,,,,,,,,,,,,,,,,,,
テスト株式会社1447,,,,,,,,,,,,,,,,,,,,,,,,,,,,,,,,,,,
テスト株式会社1448,,,,,,,,,,,,,,,,,,,,,,,,,,,,,,,,,,,
テスト株式会社1449,,,,,,,,,,,,,,,,,,,,,,,,,,,,,,,,,,,
テスト株式会社1450,,,,,,,,,,,,,,,,,,,,,,,,,,,,,,,,,,,
テスト株式会社1451,,,,,,,,,,,,,,,,,,,,,,,,,,,,,,,,,,,
テスト株式会社1452,,,,,,,,,,,,,,,,,,,,,,,,,,,,,,,,,,,
テスト株式会社1453,,,,,,,,,,,,,,,,,,,,,,,,,,,,,,,,,,,
テスト株式会社1454,,,,,,,,,,,,,,,,,,,,,,,,,,,,,,,,,,,
テスト株式会社1455,,,,,,,,,,,,,,,,,,,,,,,,,,,,,,,,,,,
テスト株式会社1456,,,,,,,,,,,,,,,,,,,,,,,,,,,,,,,,,,,
テスト株式会社1457,,,,,,,,,,,,,,,,,,,,,,,,,,,,,,,,,,,
テスト株式会社1458,,,,,,,,,,,,,,,,,,,,,,,,,,,,,,,,,,,
テスト株式会社1459,,,,,,,,,,,,,,,,,,,,,,,,,,,,,,,,,,,
テスト株式会社1460,,,,,,,,,,,,,,,,,,,,,,,,,,,,,,,,,,,
テスト株式会社1461,,,,,,,,,,,,,,,,,,,,,,,,,,,,,,,,,,,
テスト株式会社1462,,,,,,,,,,,,,,,,,,,,,,,,,,,,,,,,,,,
テスト株式会社1463,,,,,,,,,,,,,,,,,,,,,,,,,,,,,,,,,,,
テスト株式会社1464,,,,,,,,,,,,,,,,,,,,,,,,,,,,,,,,,,,
テスト株式会社1465,,,,,,,,,,,,,,,,,,,,,,,,,,,,,,,,,,,
テスト株式会社1466,,,,,,,,,,,,,,,,,,,,,,,,,,,,,,,,,,,
テスト株式会社1467,,,,,,,,,,,,,,,,,,,,,,,,,,,,,,,,,,,
テスト株式会社1468,,,,,,,,,,,,,,,,,,,,,,,,,,,,,,,,,,,
テスト株式会社1469,,,,,,,,,,,,,,,,,,,,,,,,,,,,,,,,,,,
テスト株式会社1470,,,,,,,,,,,,,,,,,,,,,,,,,,,,,,,,,,,
テスト株式会社1471,,,,,,,,,,,,,,,,,,,,,,,,,,,,,,,,,,,
テスト株式会社1472,,,,,,,,,,,,,,,,,,,,,,,,,,,,,,,,,,,
テスト株式会社1473,,,,,,,,,,,,,,,,,,,,,,,,,,,,,,,,,,,
テスト株式会社1474,,,,,,,,,,,,,,,,,,,,,,,,,,,,,,,,,,,
テスト株式会社1475,,,,,,,,,,,,,,,,,,,,,,,,,,,,,,,,,,,
テスト株式会社1476,,,,,,,,,,,,,,,,,,,,,,,,,,,,,,,,,,,
テスト株式会社1477,,,,,,,,,,,,,,,,,,,,,,,,,,,,,,,,,,,
テスト株式会社1478,,,,,,,,,,,,,,,,,,,,,,,,,,,,,,,,,,,
テスト株式会社1479,,,,,,,,,,,,,,,,,,,,,,,,,,,,,,,,,,,
テスト株式会社1480,,,,,,,,,,,,,,,,,,,,,,,,,,,,,,,,,,,
テスト株式会社1481,,,,,,,,,,,,,,,,,,,,,,,,,,,,,,,,,,,
テスト株式会社1482,,,,,,,,,,,,,,,,,,,,,,,,,,,,,,,,,,,
テスト株式会社1483,,,,,,,,,,,,,,,,,,,,,,,,,,,,,,,,,,,
テスト株式会社1484,,,,,,,,,,,,,,,,,,,,,,,,,,,,,,,,,,,
テスト株式会社1485,,,,,,,,,,,,,,,,,,,,,,,,,,,,,,,,,,,
テスト株式会社1486,,,,,,,,,,,,,,,,,,,,,,,,,,,,,,,,,,,
テスト株式会社1487,,,,,,,,,,,,,,,,,,,,,,,,,,,,,,,,,,,
テスト株式会社1488,,,,,,,,,,,,,,,,,,,,,,,,,,,,,,,,,,,
テスト株式会社1489,,,,,,,,,,,,,,,,,,,,,,,,,,,,,,,,,,,
テスト株式会社1490,,,,,,,,,,,,,,,,,,,,,,,,,,,,,,,,,,,
テスト株式会社1491,,,,,,,,,,,,,,,,,,,,,,,,,,,,,,,,,,,
テスト株式会社1492,,,,,,,,,,,,,,,,,,,,,,,,,,,,,,,,,,,
テスト株式会社1493,,,,,,,,,,,,,,,,,,,,,,,,,,,,,,,,,,,
テスト株式会社1494,,,,,,,,,,,,,,,,,,,,,,,,,,,,,,,,,,,
テスト株式会社1495,,,,,,,,,,,,,,,,,,,,,,,,,,,,,,,,,,,
テスト株式会社1496,,,,,,,,,,,,,,,,,,,,,,,,,,,,,,,,,,,
テスト株式会社1497,,,,,,,,,,,,,,,,,,,,,,,,,,,,,,,,,,,
テスト株式会社1498,,,,,,,,,,,,,,,,,,,,,,,,,,,,,,,,,,,
テスト株式会社1499,,,,,,,,,,,,,,,,,,,,,,,,,,,,,,,,,,,
テスト株式会社1500,,,,,,,,,,,,,,,,,,,,,,,,,,,,,,,,,,,
テスト株式会社1501,,,,,,,,,,,,,,,,,,,,,,,,,,,,,,,,,,,
テスト株式会社1502,,,,,,,,,,,,,,,,,,,,,,,,,,,,,,,,,,,
テスト株式会社1503,,,,,,,,,,,,,,,,,,,,,,,,,,,,,,,,,,,
テスト株式会社1504,,,,,,,,,,,,,,,,,,,,,,,,,,,,,,,,,,,
テスト株式会社1505,,,,,,,,,,,,,,,,,,,,,,,,,,,,,,,,,,,
テスト株式会社1506,,,,,,,,,,,,,,,,,,,,,,,,,,,,,,,,,,,
テスト株式会社1507,,,,,,,,,,,,,,,,,,,,,,,,,,,,,,,,,,,
テスト株式会社1508,,,,,,,,,,,,,,,,,,,,,,,,,,,,,,,,,,,
テスト株式会社1509,,,,,,,,,,,,,,,,,,,,,,,,,,,,,,,,,,,
テスト株式会社1510,,,,,,,,,,,,,,,,,,,,,,,,,,,,,,,,,,,
テスト株式会社1511,,,,,,,,,,,,,,,,,,,,,,,,,,,,,,,,,,,
テスト株式会社1512,,,,,,,,,,,,,,,,,,,,,,,,,,,,,,,,,,,
テスト株式会社1513,,,,,,,,,,,,,,,,,,,,,,,,,,,,,,,,,,,
テスト株式会社1514,,,,,,,,,,,,,,,,,,,,,,,,,,,,,,,,,,,
テスト株式会社1515,,,,,,,,,,,,,,,,,,,,,,,,,,,,,,,,,,,
テスト株式会社1516,,,,,,,,,,,,,,,,,,,,,,,,,,,,,,,,,,,
テスト株式会社1517,,,,,,,,,,,,,,,,,,,,,,,,,,,,,,,,,,,
テスト株式会社1518,,,,,,,,,,,,,,,,,,,,,,,,,,,,,,,,,,,
テスト株式会社1519,,,,,,,,,,,,,,,,,,,,,,,,,,,,,,,,,,,
テスト株式会社1520,,,,,,,,,,,,,,,,,,,,,,,,,,,,,,,,,,,
テスト株式会社1521,,,,,,,,,,,,,,,,,,,,,,,,,,,,,,,,,,,
テスト株式会社1522,,,,,,,,,,,,,,,,,,,,,,,,,,,,,,,,,,,
テスト株式会社1523,,,,,,,,,,,,,,,,,,,,,,,,,,,,,,,,,,,
テスト株式会社1524,,,,,,,,,,,,,,,,,,,,,,,,,,,,,,,,,,,
テスト株式会社1525,,,,,,,,,,,,,,,,,,,,,,,,,,,,,,,,,,,
テスト株式会社1526,,,,,,,,,,,,,,,,,,,,,,,,,,,,,,,,,,,
テスト株式会社1527,,,,,,,,,,,,,,,,,,,,,,,,,,,,,,,,,,,
テスト株式会社1528,,,,,,,,,,,,,,,,,,,,,,,,,,,,,,,,,,,
テスト株式会社1529,,,,,,,,,,,,,,,,,,,,,,,,,,,,,,,,,,,
テスト株式会社1530,,,,,,,,,,,,,,,,,,,,,,,,,,,,,,,,,,,
テスト株式会社1531,,,,,,,,,,,,,,,,,,,,,,,,,,,,,,,,,,,
テスト株式会社1532,,,,,,,,,,,,,,,,,,,,,,,,,,,,,,,,,,,
テスト株式会社1533,,,,,,,,,,,,,,,,,,,,,,,,,,,,,,,,,,,
テスト株式会社1534,,,,,,,,,,,,,,,,,,,,,,,,,,,,,,,,,,,
テスト株式会社1535,,,,,,,,,,,,,,,,,,,,,,,,,,,,,,,,,,,
テスト株式会社1536,,,,,,,,,,,,,,,,,,,,,,,,,,,,,,,,,,,
テスト株式会社1537,,,,,,,,,,,,,,,,,,,,,,,,,,,,,,,,,,,
テスト株式会社1538,,,,,,,,,,,,,,,,,,,,,,,,,,,,,,,,,,,
テスト株式会社1539,,,,,,,,,,,,,,,,,,,,,,,,,,,,,,,,,,,
テスト株式会社1540,,,,,,,,,,,,,,,,,,,,,,,,,,,,,,,,,,,
テスト株式会社1541,,,,,,,,,,,,,,,,,,,,,,,,,,,,,,,,,,,
テスト株式会社1542,,,,,,,,,,,,,,,,,,,,,,,,,,,,,,,,,,,
テスト株式会社1543,,,,,,,,,,,,,,,,,,,,,,,,,,,,,,,,,,,
テスト株式会社1544,,,,,,,,,,,,,,,,,,,,,,,,,,,,,,,,,,,
テスト株式会社1545,,,,,,,,,,,,,,,,,,,,,,,,,,,,,,,,,,,
テスト株式会社1546,,,,,,,,,,,,,,,,,,,,,,,,,,,,,,,,,,,
テスト株式会社1547,,,,,,,,,,,,,,,,,,,,,,,,,,,,,,,,,,,
テスト株式会社1548,,,,,,,,,,,,,,,,,,,,,,,,,,,,,,,,,,,
テスト株式会社1549,,,,,,,,,,,,,,,,,,,,,,,,,,,,,,,,,,,
テスト株式会社1550,,,,,,,,,,,,,,,,,,,,,,,,,,,,,,,,,,,
テスト株式会社1551,,,,,,,,,,,,,,,,,,,,,,,,,,,,,,,,,,,
テスト株式会社1552,,,,,,,,,,,,,,,,,,,,,,,,,,,,,,,,,,,
テスト株式会社1553,,,,,,,,,,,,,,,,,,,,,,,,,,,,,,,,,,,
テスト株式会社1554,,,,,,,,,,,,,,,,,,,,,,,,,,,,,,,,,,,
テスト株式会社1555,,,,,,,,,,,,,,,,,,,,,,,,,,,,,,,,,,,
テスト株式会社1556,,,,,,,,,,,,,,,,,,,,,,,,,,,,,,,,,,,
テスト株式会社1557,,,,,,,,,,,,,,,,,,,,,,,,,,,,,,,,,,,
テスト株式会社1558,,,,,,,,,,,,,,,,,,,,,,,,,,,,,,,,,,,
テスト株式会社1559,,,,,,,,,,,,,,,,,,,,,,,,,,,,,,,,,,,
テスト株式会社1560,,,,,,,,,,,,,,,,,,,,,,,,,,,,,,,,,,,
テスト株式会社1561,,,,,,,,,,,,,,,,,,,,,,,,,,,,,,,,,,,
テスト株式会社1562,,,,,,,,,,,,,,,,,,,,,,,,,,,,,,,,,,,
テスト株式会社1563,,,,,,,,,,,,,,,,,,,,,,,,,,,,,,,,,,,
テスト株式会社1564,,,,,,,,,,,,,,,,,,,,,,,,,,,,,,,,,,,
テスト株式会社1565,,,,,,,,,,,,,,,,,,,,,,,,,,,,,,,,,,,
テスト株式会社1566,,,,,,,,,,,,,,,,,,,,,,,,,,,,,,,,,,,
テスト株式会社1567,,,,,,,,,,,,,,,,,,,,,,,,,,,,,,,,,,,
テスト株式会社1568,,,,,,,,,,,,,,,,,,,,,,,,,,,,,,,,,,,
テスト株式会社1569,,,,,,,,,,,,,,,,,,,,,,,,,,,,,,,,,,,
テスト株式会社1570,,,,,,,,,,,,,,,,,,,,,,,,,,,,,,,,,,,
テスト株式会社1571,,,,,,,,,,,,,,,,,,,,,,,,,,,,,,,,,,,
テスト株式会社1572,,,,,,,,,,,,,,,,,,,,,,,,,,,,,,,,,,,
テスト株式会社1573,,,,,,,,,,,,,,,,,,,,,,,,,,,,,,,,,,,
テスト株式会社1574,,,,,,,,,,,,,,,,,,,,,,,,,,,,,,,,,,,
テスト株式会社1575,,,,,,,,,,,,,,,,,,,,,,,,,,,,,,,,,,,
テスト株式会社1576,,,,,,,,,,,,,,,,,,,,,,,,,,,,,,,,,,,
テスト株式会社1577,,,,,,,,,,,,,,,,,,,,,,,,,,,,,,,,,,,
テスト株式会社1578,,,,,,,,,,,,,,,,,,,,,,,,,,,,,,,,,,,
テスト株式会社1579,,,,,,,,,,,,,,,,,,,,,,,,,,,,,,,,,,,
テスト株式会社1580,,,,,,,,,,,,,,,,,,,,,,,,,,,,,,,,,,,
テスト株式会社1581,,,,,,,,,,,,,,,,,,,,,,,,,,,,,,,,,,,
テスト株式会社1582,,,,,,,,,,,,,,,,,,,,,,,,,,,,,,,,,,,
テスト株式会社1583,,,,,,,,,,,,,,,,,,,,,,,,,,,,,,,,,,,
テスト株式会社1584,,,,,,,,,,,,,,,,,,,,,,,,,,,,,,,,,,,
テスト株式会社1585,,,,,,,,,,,,,,,,,,,,,,,,,,,,,,,,,,,
テスト株式会社1586,,,,,,,,,,,,,,,,,,,,,,,,,,,,,,,,,,,
テスト株式会社1587,,,,,,,,,,,,,,,,,,,,,,,,,,,,,,,,,,,
テスト株式会社1588,,,,,,,,,,,,,,,,,,,,,,,,,,,,,,,,,,,
テスト株式会社1589,,,,,,,,,,,,,,,,,,,,,,,,,,,,,,,,,,,
